// Auto-generated from java/util/HashMap.class
static const unsigned char java_util_HashMap_data[] = {
  0xca, 0xfe, 0xba, 0xbe, 0x00, 0x00, 0x00, 0x3d, 0x02, 0x1a, 0x0a, 0x00,
  0x02, 0x00, 0x03, 0x07, 0x00, 0x04, 0x0c, 0x00, 0x05, 0x00, 0x06, 0x01,
  0x00, 0x10, 0x6a, 0x61, 0x76, 0x61, 0x2f, 0x6c, 0x61, 0x6e, 0x67, 0x2f,
  0x4f, 0x62, 0x6a, 0x65, 0x63, 0x74, 0x01, 0x00, 0x08, 0x68, 0x61, 0x73,
  0x68, 0x43, 0x6f, 0x64, 0x65, 0x01, 0x00, 0x03, 0x28, 0x29, 0x49, 0x07,
  0x00, 0x08, 0x01, 0x00, 0x14, 0x6a, 0x61, 0x76, 0x61, 0x2f, 0x6c, 0x61,
  0x6e, 0x67, 0x2f, 0x43, 0x6f, 0x6d, 0x70, 0x61, 0x72, 0x61, 0x62, 0x6c,
  0x65, 0x0a, 0x00, 0x02, 0x00, 0x0a, 0x0c, 0x00, 0x0b, 0x00, 0x0c, 0x01,
  0x00, 0x08, 0x67, 0x65, 0x74, 0x43, 0x6c, 0x61, 0x73, 0x73, 0x01, 0x00,
  0x13, 0x28, 0x29, 0x4c, 0x6a, 0x61, 0x76, 0x61, 0x2f, 0x6c, 0x61, 0x6e,
  0x67, 0x2f, 0x43, 0x6c, 0x61, 0x73, 0x73, 0x3b, 0x07, 0x00, 0x0e, 0x01,
  0x00, 0x10, 0x6a, 0x61, 0x76, 0x61, 0x2f, 0x6c, 0x61, 0x6e, 0x67, 0x2f,
  0x53, 0x74, 0x72, 0x69, 0x6e, 0x67, 0x0a, 0x00, 0x10, 0x00, 0x11, 0x07,
  0x00, 0x12, 0x0c, 0x00, 0x13, 0x00, 0x14, 0x01, 0x00, 0x0f, 0x6a, 0x61,
  0x76, 0x61, 0x2f, 0x6c, 0x61, 0x6e, 0x67, 0x2f, 0x43, 0x6c, 0x61, 0x73,
  0x73, 0x01, 0x00, 0x14, 0x67, 0x65, 0x74, 0x47, 0x65, 0x6e, 0x65, 0x72,
  0x69, 0x63, 0x49, 0x6e, 0x74, 0x65, 0x72, 0x66, 0x61, 0x63, 0x65, 0x73,
  0x01, 0x00, 0x1b, 0x28, 0x29, 0x5b, 0x4c, 0x6a, 0x61, 0x76, 0x61, 0x2f,
  0x6c, 0x61, 0x6e, 0x67, 0x2f, 0x72, 0x65, 0x66, 0x6c, 0x65, 0x63, 0x74,
  0x2f, 0x54, 0x79, 0x70, 0x65, 0x3b, 0x07, 0x00, 0x16, 0x01, 0x00, 0x23,
  0x6a, 0x61, 0x76, 0x61, 0x2f, 0x6c, 0x61, 0x6e, 0x67, 0x2f, 0x72, 0x65,
  0x66, 0x6c, 0x65, 0x63, 0x74, 0x2f, 0x50, 0x61, 0x72, 0x61, 0x6d, 0x65,
  0x74, 0x65, 0x72, 0x69, 0x7a, 0x65, 0x64, 0x54, 0x79, 0x70, 0x65, 0x0b,
  0x00, 0x15, 0x00, 0x18, 0x0c, 0x00, 0x19, 0x00, 0x1a, 0x01, 0x00, 0x0a,
  0x67, 0x65, 0x74, 0x52, 0x61, 0x77, 0x54, 0x79, 0x70, 0x65, 0x01, 0x00,
  0x1a, 0x28, 0x29, 0x4c, 0x6a, 0x61, 0x76, 0x61, 0x2f, 0x6c, 0x61, 0x6e,
  0x67, 0x2f, 0x72, 0x65, 0x66, 0x6c, 0x65, 0x63, 0x74, 0x2f, 0x54, 0x79,
  0x70, 0x65, 0x3b, 0x0b, 0x00, 0x15, 0x00, 0x1c, 0x0c, 0x00, 0x1d, 0x00,
  0x14, 0x01, 0x00, 0x16, 0x67, 0x65, 0x74, 0x41, 0x63, 0x74, 0x75, 0x61,
  0x6c, 0x54, 0x79, 0x70, 0x65, 0x41, 0x72, 0x67, 0x75, 0x6d, 0x65, 0x6e,
  0x74, 0x73, 0x0b, 0x00, 0x07, 0x00, 0x1f, 0x0c, 0x00, 0x20, 0x00, 0x21,
  0x01, 0x00, 0x09, 0x63, 0x6f, 0x6d, 0x70, 0x61, 0x72, 0x65, 0x54, 0x6f,
  0x01, 0x00, 0x15, 0x28, 0x4c, 0x6a, 0x61, 0x76, 0x61, 0x2f, 0x6c, 0x61,
  0x6e, 0x67, 0x2f, 0x4f, 0x62, 0x6a, 0x65, 0x63, 0x74, 0x3b, 0x29, 0x49,
  0x0a, 0x00, 0x23, 0x00, 0x24, 0x07, 0x00, 0x25, 0x0c, 0x00, 0x26, 0x00,
  0x27, 0x01, 0x00, 0x11, 0x6a, 0x61, 0x76, 0x61, 0x2f, 0x6c, 0x61, 0x6e,
  0x67, 0x2f, 0x49, 0x6e, 0x74, 0x65, 0x67, 0x65, 0x72, 0x01, 0x00, 0x14,
  0x6e, 0x75, 0x6d, 0x62, 0x65, 0x72, 0x4f, 0x66, 0x4c, 0x65, 0x61, 0x64,
  0x69, 0x6e, 0x67, 0x5a, 0x65, 0x72, 0x6f, 0x73, 0x01, 0x00, 0x04, 0x28,
  0x49, 0x29, 0x49, 0x07, 0x00, 0x29, 0x01, 0x00, 0x11, 0x6a, 0x61, 0x76,
  0x61, 0x2f, 0x75, 0x74, 0x69, 0x6c, 0x2f, 0x48, 0x61, 0x73, 0x68, 0x4d,
  0x61, 0x70, 0x03, 0x40, 0x00, 0x00, 0x00, 0x0a, 0x00, 0x2c, 0x00, 0x2d,
  0x07, 0x00, 0x2e, 0x0c, 0x00, 0x2f, 0x00, 0x30, 0x01, 0x00, 0x15, 0x6a,
  0x61, 0x76, 0x61, 0x2f, 0x75, 0x74, 0x69, 0x6c, 0x2f, 0x41, 0x62, 0x73,
  0x74, 0x72, 0x61, 0x63, 0x74, 0x4d, 0x61, 0x70, 0x01, 0x00, 0x06, 0x3c,
  0x69, 0x6e, 0x69, 0x74, 0x3e, 0x01, 0x00, 0x03, 0x28, 0x29, 0x56, 0x07,
  0x00, 0x32, 0x01, 0x00, 0x22, 0x6a, 0x61, 0x76, 0x61, 0x2f, 0x6c, 0x61,
  0x6e, 0x67, 0x2f, 0x49, 0x6c, 0x6c, 0x65, 0x67, 0x61, 0x6c, 0x41, 0x72,
  0x67, 0x75, 0x6d, 0x65, 0x6e, 0x74, 0x45, 0x78, 0x63, 0x65, 0x70, 0x74,
  0x69, 0x6f, 0x6e, 0x07, 0x00, 0x34, 0x01, 0x00, 0x17, 0x6a, 0x61, 0x76,
  0x61, 0x2f, 0x6c, 0x61, 0x6e, 0x67, 0x2f, 0x53, 0x74, 0x72, 0x69, 0x6e,
  0x67, 0x42, 0x75, 0x69, 0x6c, 0x64, 0x65, 0x72, 0x0a, 0x00, 0x33, 0x00,
  0x2d, 0x08, 0x00, 0x37, 0x01, 0x00, 0x1a, 0x49, 0x6c, 0x6c, 0x65, 0x67,
  0x61, 0x6c, 0x20, 0x69, 0x6e, 0x69, 0x74, 0x69, 0x61, 0x6c, 0x20, 0x63,
  0x61, 0x70, 0x61, 0x63, 0x69, 0x74, 0x79, 0x3a, 0x20, 0x0a, 0x00, 0x33,
  0x00, 0x39, 0x0c, 0x00, 0x3a, 0x00, 0x3b, 0x01, 0x00, 0x06, 0x61, 0x70,
  0x70, 0x65, 0x6e, 0x64, 0x01, 0x00, 0x2d, 0x28, 0x4c, 0x6a, 0x61, 0x76,
  0x61, 0x2f, 0x6c, 0x61, 0x6e, 0x67, 0x2f, 0x53, 0x74, 0x72, 0x69, 0x6e,
  0x67, 0x3b, 0x29, 0x4c, 0x6a, 0x61, 0x76, 0x61, 0x2f, 0x6c, 0x61, 0x6e,
  0x67, 0x2f, 0x53, 0x74, 0x72, 0x69, 0x6e, 0x67, 0x42, 0x75, 0x69, 0x6c,
  0x64, 0x65, 0x72, 0x3b, 0x0a, 0x00, 0x33, 0x00, 0x3d, 0x0c, 0x00, 0x3a,
  0x00, 0x3e, 0x01, 0x00, 0x1c, 0x28, 0x49, 0x29, 0x4c, 0x6a, 0x61, 0x76,
  0x61, 0x2f, 0x6c, 0x61, 0x6e, 0x67, 0x2f, 0x53, 0x74, 0x72, 0x69, 0x6e,
  0x67, 0x42, 0x75, 0x69, 0x6c, 0x64, 0x65, 0x72, 0x3b, 0x0a, 0x00, 0x33,
  0x00, 0x40, 0x0c, 0x00, 0x41, 0x00, 0x42, 0x01, 0x00, 0x08, 0x74, 0x6f,
  0x53, 0x74, 0x72, 0x69, 0x6e, 0x67, 0x01, 0x00, 0x14, 0x28, 0x29, 0x4c,
  0x6a, 0x61, 0x76, 0x61, 0x2f, 0x6c, 0x61, 0x6e, 0x67, 0x2f, 0x53, 0x74,
  0x72, 0x69, 0x6e, 0x67, 0x3b, 0x0a, 0x00, 0x31, 0x00, 0x44, 0x0c, 0x00,
  0x2f, 0x00, 0x45, 0x01, 0x00, 0x15, 0x28, 0x4c, 0x6a, 0x61, 0x76, 0x61,
  0x2f, 0x6c, 0x61, 0x6e, 0x67, 0x2f, 0x53, 0x74, 0x72, 0x69, 0x6e, 0x67,
  0x3b, 0x29, 0x56, 0x0a, 0x00, 0x47, 0x00, 0x48, 0x07, 0x00, 0x49, 0x0c,
  0x00, 0x4a, 0x00, 0x4b, 0x01, 0x00, 0x0f, 0x6a, 0x61, 0x76, 0x61, 0x2f,
  0x6c, 0x61, 0x6e, 0x67, 0x2f, 0x46, 0x6c, 0x6f, 0x61, 0x74, 0x01, 0x00,
  0x05, 0x69, 0x73, 0x4e, 0x61, 0x4e, 0x01, 0x00, 0x04, 0x28, 0x46, 0x29,
  0x5a, 0x08, 0x00, 0x4d, 0x01, 0x00, 0x15, 0x49, 0x6c, 0x6c, 0x65, 0x67,
  0x61, 0x6c, 0x20, 0x6c, 0x6f, 0x61, 0x64, 0x20, 0x66, 0x61, 0x63, 0x74,
  0x6f, 0x72, 0x3a, 0x20, 0x0a, 0x00, 0x33, 0x00, 0x4f, 0x0c, 0x00, 0x3a,
  0x00, 0x50, 0x01, 0x00, 0x1c, 0x28, 0x46, 0x29, 0x4c, 0x6a, 0x61, 0x76,
  0x61, 0x2f, 0x6c, 0x61, 0x6e, 0x67, 0x2f, 0x53, 0x74, 0x72, 0x69, 0x6e,
  0x67, 0x42, 0x75, 0x69, 0x6c, 0x64, 0x65, 0x72, 0x3b, 0x09, 0x00, 0x28,
  0x00, 0x52, 0x0c, 0x00, 0x53, 0x00, 0x54, 0x01, 0x00, 0x0a, 0x6c, 0x6f,
  0x61, 0x64, 0x46, 0x61, 0x63, 0x74, 0x6f, 0x72, 0x01, 0x00, 0x01, 0x46,
  0x0a, 0x00, 0x28, 0x00, 0x56, 0x0c, 0x00, 0x57, 0x00, 0x27, 0x01, 0x00,
  0x0c, 0x74, 0x61, 0x62, 0x6c, 0x65, 0x53, 0x69, 0x7a, 0x65, 0x46, 0x6f,
  0x72, 0x09, 0x00, 0x28, 0x00, 0x59, 0x0c, 0x00, 0x5a, 0x00, 0x5b, 0x01,
  0x00, 0x09, 0x74, 0x68, 0x72, 0x65, 0x73, 0x68, 0x6f, 0x6c, 0x64, 0x01,
  0x00, 0x01, 0x49, 0x04, 0x3f, 0x40, 0x00, 0x00, 0x0a, 0x00, 0x28, 0x00,
  0x5e, 0x0c, 0x00, 0x2f, 0x00, 0x5f, 0x01, 0x00, 0x05, 0x28, 0x49, 0x46,
  0x29, 0x56, 0x0a, 0x00, 0x28, 0x00, 0x61, 0x0c, 0x00, 0x62, 0x00, 0x63,
  0x01, 0x00, 0x0d, 0x70, 0x75, 0x74, 0x4d, 0x61, 0x70, 0x45, 0x6e, 0x74,
  0x72, 0x69, 0x65, 0x73, 0x01, 0x00, 0x13, 0x28, 0x4c, 0x6a, 0x61, 0x76,
  0x61, 0x2f, 0x75, 0x74, 0x69, 0x6c, 0x2f, 0x4d, 0x61, 0x70, 0x3b, 0x5a,
  0x29, 0x56, 0x0b, 0x00, 0x65, 0x00, 0x66, 0x07, 0x00, 0x67, 0x0c, 0x00,
  0x68, 0x00, 0x06, 0x01, 0x00, 0x0d, 0x6a, 0x61, 0x76, 0x61, 0x2f, 0x75,
  0x74, 0x69, 0x6c, 0x2f, 0x4d, 0x61, 0x70, 0x01, 0x00, 0x04, 0x73, 0x69,
  0x7a, 0x65, 0x09, 0x00, 0x28, 0x00, 0x6a, 0x0c, 0x00, 0x6b, 0x00, 0x6c,
  0x01, 0x00, 0x05, 0x74, 0x61, 0x62, 0x6c, 0x65, 0x01, 0x00, 0x19, 0x5b,
  0x4c, 0x6a, 0x61, 0x76, 0x61, 0x2f, 0x75, 0x74, 0x69, 0x6c, 0x2f, 0x48,
  0x61, 0x73, 0x68, 0x4d, 0x61, 0x70, 0x24, 0x4e, 0x6f, 0x64, 0x65, 0x3b,
  0x0a, 0x00, 0x6e, 0x00, 0x6f, 0x07, 0x00, 0x70, 0x0c, 0x00, 0x71, 0x00,
  0x72, 0x01, 0x00, 0x0e, 0x6a, 0x61, 0x76, 0x61, 0x2f, 0x6c, 0x61, 0x6e,
  0x67, 0x2f, 0x4d, 0x61, 0x74, 0x68, 0x01, 0x00, 0x04, 0x63, 0x65, 0x69,
  0x6c, 0x01, 0x00, 0x04, 0x28, 0x44, 0x29, 0x44, 0x06, 0x41, 0xd0, 0x00,
  0x00, 0x00, 0x00, 0x00, 0x00, 0x0a, 0x00, 0x28, 0x00, 0x76, 0x0c, 0x00,
  0x77, 0x00, 0x78, 0x01, 0x00, 0x06, 0x72, 0x65, 0x73, 0x69, 0x7a, 0x65,
  0x01, 0x00, 0x1b, 0x28, 0x29, 0x5b, 0x4c, 0x6a, 0x61, 0x76, 0x61, 0x2f,
  0x75, 0x74, 0x69, 0x6c, 0x2f, 0x48, 0x61, 0x73, 0x68, 0x4d, 0x61, 0x70,
  0x24, 0x4e, 0x6f, 0x64, 0x65, 0x3b, 0x0b, 0x00, 0x65, 0x00, 0x7a, 0x0c,
  0x00, 0x7b, 0x00, 0x7c, 0x01, 0x00, 0x08, 0x65, 0x6e, 0x74, 0x72, 0x79,
  0x53, 0x65, 0x74, 0x01, 0x00, 0x11, 0x28, 0x29, 0x4c, 0x6a, 0x61, 0x76,
  0x61, 0x2f, 0x75, 0x74, 0x69, 0x6c, 0x2f, 0x53, 0x65, 0x74, 0x3b, 0x0b,
  0x00, 0x7e, 0x00, 0x7f, 0x07, 0x00, 0x80, 0x0c, 0x00, 0x81, 0x00, 0x82,
  0x01, 0x00, 0x0d, 0x6a, 0x61, 0x76, 0x61, 0x2f, 0x75, 0x74, 0x69, 0x6c,
  0x2f, 0x53, 0x65, 0x74, 0x01, 0x00, 0x08, 0x69, 0x74, 0x65, 0x72, 0x61,
  0x74, 0x6f, 0x72, 0x01, 0x00, 0x16, 0x28, 0x29, 0x4c, 0x6a, 0x61, 0x76,
  0x61, 0x2f, 0x75, 0x74, 0x69, 0x6c, 0x2f, 0x49, 0x74, 0x65, 0x72, 0x61,
  0x74, 0x6f, 0x72, 0x3b, 0x0b, 0x00, 0x84, 0x00, 0x85, 0x07, 0x00, 0x86,
  0x0c, 0x00, 0x87, 0x00, 0x88, 0x01, 0x00, 0x12, 0x6a, 0x61, 0x76, 0x61,
  0x2f, 0x75, 0x74, 0x69, 0x6c, 0x2f, 0x49, 0x74, 0x65, 0x72, 0x61, 0x74,
  0x6f, 0x72, 0x01, 0x00, 0x07, 0x68, 0x61, 0x73, 0x4e, 0x65, 0x78, 0x74,
  0x01, 0x00, 0x03, 0x28, 0x29, 0x5a, 0x0b, 0x00, 0x84, 0x00, 0x8a, 0x0c,
  0x00, 0x8b, 0x00, 0x8c, 0x01, 0x00, 0x04, 0x6e, 0x65, 0x78, 0x74, 0x01,
  0x00, 0x14, 0x28, 0x29, 0x4c, 0x6a, 0x61, 0x76, 0x61, 0x2f, 0x6c, 0x61,
  0x6e, 0x67, 0x2f, 0x4f, 0x62, 0x6a, 0x65, 0x63, 0x74, 0x3b, 0x07, 0x00,
  0x8e, 0x01, 0x00, 0x13, 0x6a, 0x61, 0x76, 0x61, 0x2f, 0x75, 0x74, 0x69,
  0x6c, 0x2f, 0x4d, 0x61, 0x70, 0x24, 0x45, 0x6e, 0x74, 0x72, 0x79, 0x0b,
  0x00, 0x8d, 0x00, 0x90, 0x0c, 0x00, 0x91, 0x00, 0x8c, 0x01, 0x00, 0x06,
  0x67, 0x65, 0x74, 0x4b, 0x65, 0x79, 0x0b, 0x00, 0x8d, 0x00, 0x93, 0x0c,
  0x00, 0x94, 0x00, 0x8c, 0x01, 0x00, 0x08, 0x67, 0x65, 0x74, 0x56, 0x61,
  0x6c, 0x75, 0x65, 0x0a, 0x00, 0x28, 0x00, 0x96, 0x0c, 0x00, 0x97, 0x00,
  0x21, 0x01, 0x00, 0x04, 0x68, 0x61, 0x73, 0x68, 0x0a, 0x00, 0x28, 0x00,
  0x99, 0x0c, 0x00, 0x9a, 0x00, 0x9b, 0x01, 0x00, 0x06, 0x70, 0x75, 0x74,
  0x56, 0x61, 0x6c, 0x01, 0x00, 0x3b, 0x28, 0x49, 0x4c, 0x6a, 0x61, 0x76,
  0x61, 0x2f, 0x6c, 0x61, 0x6e, 0x67, 0x2f, 0x4f, 0x62, 0x6a, 0x65, 0x63,
  0x74, 0x3b, 0x4c, 0x6a, 0x61, 0x76, 0x61, 0x2f, 0x6c, 0x61, 0x6e, 0x67,
  0x2f, 0x4f, 0x62, 0x6a, 0x65, 0x63, 0x74, 0x3b, 0x5a, 0x5a, 0x29, 0x4c,
  0x6a, 0x61, 0x76, 0x61, 0x2f, 0x6c, 0x61, 0x6e, 0x67, 0x2f, 0x4f, 0x62,
  0x6a, 0x65, 0x63, 0x74, 0x3b, 0x09, 0x00, 0x28, 0x00, 0x9d, 0x0c, 0x00,
  0x68, 0x00, 0x5b, 0x0a, 0x00, 0x28, 0x00, 0x9f, 0x0c, 0x00, 0xa0, 0x00,
  0xa1, 0x01, 0x00, 0x07, 0x67, 0x65, 0x74, 0x4e, 0x6f, 0x64, 0x65, 0x01,
  0x00, 0x2c, 0x28, 0x4c, 0x6a, 0x61, 0x76, 0x61, 0x2f, 0x6c, 0x61, 0x6e,
  0x67, 0x2f, 0x4f, 0x62, 0x6a, 0x65, 0x63, 0x74, 0x3b, 0x29, 0x4c, 0x6a,
  0x61, 0x76, 0x61, 0x2f, 0x75, 0x74, 0x69, 0x6c, 0x2f, 0x48, 0x61, 0x73,
  0x68, 0x4d, 0x61, 0x70, 0x24, 0x4e, 0x6f, 0x64, 0x65, 0x3b, 0x09, 0x00,
  0xa3, 0x00, 0xa4, 0x07, 0x00, 0xa5, 0x0c, 0x00, 0xa6, 0x00, 0xa7, 0x01,
  0x00, 0x16, 0x6a, 0x61, 0x76, 0x61, 0x2f, 0x75, 0x74, 0x69, 0x6c, 0x2f,
  0x48, 0x61, 0x73, 0x68, 0x4d, 0x61, 0x70, 0x24, 0x4e, 0x6f, 0x64, 0x65,
  0x01, 0x00, 0x05, 0x76, 0x61, 0x6c, 0x75, 0x65, 0x01, 0x00, 0x12, 0x4c,
  0x6a, 0x61, 0x76, 0x61, 0x2f, 0x6c, 0x61, 0x6e, 0x67, 0x2f, 0x4f, 0x62,
  0x6a, 0x65, 0x63, 0x74, 0x3b, 0x09, 0x00, 0xa3, 0x00, 0xa9, 0x0c, 0x00,
  0x97, 0x00, 0x5b, 0x09, 0x00, 0xa3, 0x00, 0xab, 0x0c, 0x00, 0xac, 0x00,
  0xa7, 0x01, 0x00, 0x03, 0x6b, 0x65, 0x79, 0x0a, 0x00, 0x02, 0x00, 0xae,
  0x0c, 0x00, 0xaf, 0x00, 0xb0, 0x01, 0x00, 0x06, 0x65, 0x71, 0x75, 0x61,
  0x6c, 0x73, 0x01, 0x00, 0x15, 0x28, 0x4c, 0x6a, 0x61, 0x76, 0x61, 0x2f,
  0x6c, 0x61, 0x6e, 0x67, 0x2f, 0x4f, 0x62, 0x6a, 0x65, 0x63, 0x74, 0x3b,
  0x29, 0x5a, 0x09, 0x00, 0xa3, 0x00, 0xb2, 0x0c, 0x00, 0x8b, 0x00, 0xb3,
  0x01, 0x00, 0x18, 0x4c, 0x6a, 0x61, 0x76, 0x61, 0x2f, 0x75, 0x74, 0x69,
  0x6c, 0x2f, 0x48, 0x61, 0x73, 0x68, 0x4d, 0x61, 0x70, 0x24, 0x4e, 0x6f,
  0x64, 0x65, 0x3b, 0x07, 0x00, 0xb5, 0x01, 0x00, 0x1a, 0x6a, 0x61, 0x76,
  0x61, 0x2f, 0x75, 0x74, 0x69, 0x6c, 0x2f, 0x48, 0x61, 0x73, 0x68, 0x4d,
  0x61, 0x70, 0x24, 0x54, 0x72, 0x65, 0x65, 0x4e, 0x6f, 0x64, 0x65, 0x0a,
  0x00, 0xb4, 0x00, 0xb7, 0x0c, 0x00, 0xb8, 0x00, 0xb9, 0x01, 0x00, 0x0b,
  0x67, 0x65, 0x74, 0x54, 0x72, 0x65, 0x65, 0x4e, 0x6f, 0x64, 0x65, 0x01,
  0x00, 0x31, 0x28, 0x49, 0x4c, 0x6a, 0x61, 0x76, 0x61, 0x2f, 0x6c, 0x61,
  0x6e, 0x67, 0x2f, 0x4f, 0x62, 0x6a, 0x65, 0x63, 0x74, 0x3b, 0x29, 0x4c,
  0x6a, 0x61, 0x76, 0x61, 0x2f, 0x75, 0x74, 0x69, 0x6c, 0x2f, 0x48, 0x61,
  0x73, 0x68, 0x4d, 0x61, 0x70, 0x24, 0x54, 0x72, 0x65, 0x65, 0x4e, 0x6f,
  0x64, 0x65, 0x3b, 0x0a, 0x00, 0x28, 0x00, 0xbb, 0x0c, 0x00, 0xbc, 0x00,
  0xbd, 0x01, 0x00, 0x07, 0x6e, 0x65, 0x77, 0x4e, 0x6f, 0x64, 0x65, 0x01,
  0x00, 0x57, 0x28, 0x49, 0x4c, 0x6a, 0x61, 0x76, 0x61, 0x2f, 0x6c, 0x61,
  0x6e, 0x67, 0x2f, 0x4f, 0x62, 0x6a, 0x65, 0x63, 0x74, 0x3b, 0x4c, 0x6a,
  0x61, 0x76, 0x61, 0x2f, 0x6c, 0x61, 0x6e, 0x67, 0x2f, 0x4f, 0x62, 0x6a,
  0x65, 0x63, 0x74, 0x3b, 0x4c, 0x6a, 0x61, 0x76, 0x61, 0x2f, 0x75, 0x74,
  0x69, 0x6c, 0x2f, 0x48, 0x61, 0x73, 0x68, 0x4d, 0x61, 0x70, 0x24, 0x4e,
  0x6f, 0x64, 0x65, 0x3b, 0x29, 0x4c, 0x6a, 0x61, 0x76, 0x61, 0x2f, 0x75,
  0x74, 0x69, 0x6c, 0x2f, 0x48, 0x61, 0x73, 0x68, 0x4d, 0x61, 0x70, 0x24,
  0x4e, 0x6f, 0x64, 0x65, 0x3b, 0x0a, 0x00, 0xb4, 0x00, 0xbf, 0x0c, 0x00,
  0xc0, 0x00, 0xc1, 0x01, 0x00, 0x0a, 0x70, 0x75, 0x74, 0x54, 0x72, 0x65,
  0x65, 0x56, 0x61, 0x6c, 0x01, 0x00, 0x6f, 0x28, 0x4c, 0x6a, 0x61, 0x76,
  0x61, 0x2f, 0x75, 0x74, 0x69, 0x6c, 0x2f, 0x48, 0x61, 0x73, 0x68, 0x4d,
  0x61, 0x70, 0x3b, 0x5b, 0x4c, 0x6a, 0x61, 0x76, 0x61, 0x2f, 0x75, 0x74,
  0x69, 0x6c, 0x2f, 0x48, 0x61, 0x73, 0x68, 0x4d, 0x61, 0x70, 0x24, 0x4e,
  0x6f, 0x64, 0x65, 0x3b, 0x49, 0x4c, 0x6a, 0x61, 0x76, 0x61, 0x2f, 0x6c,
  0x61, 0x6e, 0x67, 0x2f, 0x4f, 0x62, 0x6a, 0x65, 0x63, 0x74, 0x3b, 0x4c,
  0x6a, 0x61, 0x76, 0x61, 0x2f, 0x6c, 0x61, 0x6e, 0x67, 0x2f, 0x4f, 0x62,
  0x6a, 0x65, 0x63, 0x74, 0x3b, 0x29, 0x4c, 0x6a, 0x61, 0x76, 0x61, 0x2f,
  0x75, 0x74, 0x69, 0x6c, 0x2f, 0x48, 0x61, 0x73, 0x68, 0x4d, 0x61, 0x70,
  0x24, 0x54, 0x72, 0x65, 0x65, 0x4e, 0x6f, 0x64, 0x65, 0x3b, 0x0a, 0x00,
  0x28, 0x00, 0xc3, 0x0c, 0x00, 0xc4, 0x00, 0xc5, 0x01, 0x00, 0x0a, 0x74,
  0x72, 0x65, 0x65, 0x69, 0x66, 0x79, 0x42, 0x69, 0x6e, 0x01, 0x00, 0x1d,
  0x28, 0x5b, 0x4c, 0x6a, 0x61, 0x76, 0x61, 0x2f, 0x75, 0x74, 0x69, 0x6c,
  0x2f, 0x48, 0x61, 0x73, 0x68, 0x4d, 0x61, 0x70, 0x24, 0x4e, 0x6f, 0x64,
  0x65, 0x3b, 0x49, 0x29, 0x56, 0x0a, 0x00, 0x28, 0x00, 0xc7, 0x0c, 0x00,
  0xc8, 0x00, 0xc9, 0x01, 0x00, 0x0f, 0x61, 0x66, 0x74, 0x65, 0x72, 0x4e,
  0x6f, 0x64, 0x65, 0x41, 0x63, 0x63, 0x65, 0x73, 0x73, 0x01, 0x00, 0x1b,
  0x28, 0x4c, 0x6a, 0x61, 0x76, 0x61, 0x2f, 0x75, 0x74, 0x69, 0x6c, 0x2f,
  0x48, 0x61, 0x73, 0x68, 0x4d, 0x61, 0x70, 0x24, 0x4e, 0x6f, 0x64, 0x65,
  0x3b, 0x29, 0x56, 0x09, 0x00, 0x28, 0x00, 0xcb, 0x0c, 0x00, 0xcc, 0x00,
  0x5b, 0x01, 0x00, 0x08, 0x6d, 0x6f, 0x64, 0x43, 0x6f, 0x75, 0x6e, 0x74,
  0x0a, 0x00, 0x28, 0x00, 0xce, 0x0c, 0x00, 0xcf, 0x00, 0xd0, 0x01, 0x00,
  0x12, 0x61, 0x66, 0x74, 0x65, 0x72, 0x4e, 0x6f, 0x64, 0x65, 0x49, 0x6e,
  0x73, 0x65, 0x72, 0x74, 0x69, 0x6f, 0x6e, 0x01, 0x00, 0x04, 0x28, 0x5a,
  0x29, 0x56, 0x03, 0x7f, 0xff, 0xff, 0xff, 0x04, 0x4e, 0x80, 0x00, 0x00,
  0x0a, 0x00, 0xb4, 0x00, 0xd4, 0x0c, 0x00, 0xd5, 0x00, 0xd6, 0x01, 0x00,
  0x05, 0x73, 0x70, 0x6c, 0x69, 0x74, 0x01, 0x00, 0x31, 0x28, 0x4c, 0x6a,
  0x61, 0x76, 0x61, 0x2f, 0x75, 0x74, 0x69, 0x6c, 0x2f, 0x48, 0x61, 0x73,
  0x68, 0x4d, 0x61, 0x70, 0x3b, 0x5b, 0x4c, 0x6a, 0x61, 0x76, 0x61, 0x2f,
  0x75, 0x74, 0x69, 0x6c, 0x2f, 0x48, 0x61, 0x73, 0x68, 0x4d, 0x61, 0x70,
  0x24, 0x4e, 0x6f, 0x64, 0x65, 0x3b, 0x49, 0x49, 0x29, 0x56, 0x0a, 0x00,
  0x28, 0x00, 0xd8, 0x0c, 0x00, 0xd9, 0x00, 0xda, 0x01, 0x00, 0x13, 0x72,
  0x65, 0x70, 0x6c, 0x61, 0x63, 0x65, 0x6d, 0x65, 0x6e, 0x74, 0x54, 0x72,
  0x65, 0x65, 0x4e, 0x6f, 0x64, 0x65, 0x01, 0x00, 0x4e, 0x28, 0x4c, 0x6a,
  0x61, 0x76, 0x61, 0x2f, 0x75, 0x74, 0x69, 0x6c, 0x2f, 0x48, 0x61, 0x73,
  0x68, 0x4d, 0x61, 0x70, 0x24, 0x4e, 0x6f, 0x64, 0x65, 0x3b, 0x4c, 0x6a,
  0x61, 0x76, 0x61, 0x2f, 0x75, 0x74, 0x69, 0x6c, 0x2f, 0x48, 0x61, 0x73,
  0x68, 0x4d, 0x61, 0x70, 0x24, 0x4e, 0x6f, 0x64, 0x65, 0x3b, 0x29, 0x4c,
  0x6a, 0x61, 0x76, 0x61, 0x2f, 0x75, 0x74, 0x69, 0x6c, 0x2f, 0x48, 0x61,
  0x73, 0x68, 0x4d, 0x61, 0x70, 0x24, 0x54, 0x72, 0x65, 0x65, 0x4e, 0x6f,
  0x64, 0x65, 0x3b, 0x09, 0x00, 0xb4, 0x00, 0xdc, 0x0c, 0x00, 0xdd, 0x00,
  0xde, 0x01, 0x00, 0x04, 0x70, 0x72, 0x65, 0x76, 0x01, 0x00, 0x1c, 0x4c,
  0x6a, 0x61, 0x76, 0x61, 0x2f, 0x75, 0x74, 0x69, 0x6c, 0x2f, 0x48, 0x61,
  0x73, 0x68, 0x4d, 0x61, 0x70, 0x24, 0x54, 0x72, 0x65, 0x65, 0x4e, 0x6f,
  0x64, 0x65, 0x3b, 0x09, 0x00, 0xb4, 0x00, 0xb2, 0x0a, 0x00, 0xb4, 0x00,
  0xe1, 0x0c, 0x00, 0xe2, 0x00, 0xe3, 0x01, 0x00, 0x07, 0x74, 0x72, 0x65,
  0x65, 0x69, 0x66, 0x79, 0x01, 0x00, 0x1c, 0x28, 0x5b, 0x4c, 0x6a, 0x61,
  0x76, 0x61, 0x2f, 0x75, 0x74, 0x69, 0x6c, 0x2f, 0x48, 0x61, 0x73, 0x68,
  0x4d, 0x61, 0x70, 0x24, 0x4e, 0x6f, 0x64, 0x65, 0x3b, 0x29, 0x56, 0x0a,
  0x00, 0x28, 0x00, 0xe5, 0x0c, 0x00, 0xe6, 0x00, 0xe7, 0x01, 0x00, 0x0a,
  0x72, 0x65, 0x6d, 0x6f, 0x76, 0x65, 0x4e, 0x6f, 0x64, 0x65, 0x01, 0x00,
  0x41, 0x28, 0x49, 0x4c, 0x6a, 0x61, 0x76, 0x61, 0x2f, 0x6c, 0x61, 0x6e,
  0x67, 0x2f, 0x4f, 0x62, 0x6a, 0x65, 0x63, 0x74, 0x3b, 0x4c, 0x6a, 0x61,
  0x76, 0x61, 0x2f, 0x6c, 0x61, 0x6e, 0x67, 0x2f, 0x4f, 0x62, 0x6a, 0x65,
  0x63, 0x74, 0x3b, 0x5a, 0x5a, 0x29, 0x4c, 0x6a, 0x61, 0x76, 0x61, 0x2f,
  0x75, 0x74, 0x69, 0x6c, 0x2f, 0x48, 0x61, 0x73, 0x68, 0x4d, 0x61, 0x70,
  0x24, 0x4e, 0x6f, 0x64, 0x65, 0x3b, 0x0a, 0x00, 0xb4, 0x00, 0xe9, 0x0c,
  0x00, 0xea, 0x00, 0xeb, 0x01, 0x00, 0x0e, 0x72, 0x65, 0x6d, 0x6f, 0x76,
  0x65, 0x54, 0x72, 0x65, 0x65, 0x4e, 0x6f, 0x64, 0x65, 0x01, 0x00, 0x30,
  0x28, 0x4c, 0x6a, 0x61, 0x76, 0x61, 0x2f, 0x75, 0x74, 0x69, 0x6c, 0x2f,
  0x48, 0x61, 0x73, 0x68, 0x4d, 0x61, 0x70, 0x3b, 0x5b, 0x4c, 0x6a, 0x61,
  0x76, 0x61, 0x2f, 0x75, 0x74, 0x69, 0x6c, 0x2f, 0x48, 0x61, 0x73, 0x68,
  0x4d, 0x61, 0x70, 0x24, 0x4e, 0x6f, 0x64, 0x65, 0x3b, 0x5a, 0x29, 0x56,
  0x0a, 0x00, 0x28, 0x00, 0xed, 0x0c, 0x00, 0xee, 0x00, 0xc9, 0x01, 0x00,
  0x10, 0x61, 0x66, 0x74, 0x65, 0x72, 0x4e, 0x6f, 0x64, 0x65, 0x52, 0x65,
  0x6d, 0x6f, 0x76, 0x61, 0x6c, 0x09, 0x00, 0x28, 0x00, 0xf0, 0x0c, 0x00,
  0xf1, 0x00, 0xf2, 0x01, 0x00, 0x06, 0x6b, 0x65, 0x79, 0x53, 0x65, 0x74,
  0x01, 0x00, 0x0f, 0x4c, 0x6a, 0x61, 0x76, 0x61, 0x2f, 0x75, 0x74, 0x69,
  0x6c, 0x2f, 0x53, 0x65, 0x74, 0x3b, 0x07, 0x00, 0xf4, 0x01, 0x00, 0x18,
  0x6a, 0x61, 0x76, 0x61, 0x2f, 0x75, 0x74, 0x69, 0x6c, 0x2f, 0x48, 0x61,
  0x73, 0x68, 0x4d, 0x61, 0x70, 0x24, 0x4b, 0x65, 0x79, 0x53, 0x65, 0x74,
  0x0a, 0x00, 0xf3, 0x00, 0xf6, 0x0c, 0x00, 0x2f, 0x00, 0xf7, 0x01, 0x00,
  0x16, 0x28, 0x4c, 0x6a, 0x61, 0x76, 0x61, 0x2f, 0x75, 0x74, 0x69, 0x6c,
  0x2f, 0x48, 0x61, 0x73, 0x68, 0x4d, 0x61, 0x70, 0x3b, 0x29, 0x56, 0x0a,
  0x00, 0x10, 0x00, 0xf9, 0x0c, 0x00, 0xfa, 0x00, 0x0c, 0x01, 0x00, 0x10,
  0x67, 0x65, 0x74, 0x43, 0x6f, 0x6d, 0x70, 0x6f, 0x6e, 0x65, 0x6e, 0x74,
  0x54, 0x79, 0x70, 0x65, 0x0a, 0x00, 0xfc, 0x00, 0xfd, 0x07, 0x00, 0xfe,
  0x0c, 0x00, 0xff, 0x01, 0x00, 0x01, 0x00, 0x17, 0x6a, 0x61, 0x76, 0x61,
  0x2f, 0x6c, 0x61, 0x6e, 0x67, 0x2f, 0x72, 0x65, 0x66, 0x6c, 0x65, 0x63,
  0x74, 0x2f, 0x41, 0x72, 0x72, 0x61, 0x79, 0x01, 0x00, 0x0b, 0x6e, 0x65,
  0x77, 0x49, 0x6e, 0x73, 0x74, 0x61, 0x6e, 0x63, 0x65, 0x01, 0x00, 0x26,
  0x28, 0x4c, 0x6a, 0x61, 0x76, 0x61, 0x2f, 0x6c, 0x61, 0x6e, 0x67, 0x2f,
  0x43, 0x6c, 0x61, 0x73, 0x73, 0x3b, 0x49, 0x29, 0x4c, 0x6a, 0x61, 0x76,
  0x61, 0x2f, 0x6c, 0x61, 0x6e, 0x67, 0x2f, 0x4f, 0x62, 0x6a, 0x65, 0x63,
  0x74, 0x3b, 0x07, 0x01, 0x02, 0x01, 0x00, 0x13, 0x5b, 0x4c, 0x6a, 0x61,
  0x76, 0x61, 0x2f, 0x6c, 0x61, 0x6e, 0x67, 0x2f, 0x4f, 0x62, 0x6a, 0x65,
  0x63, 0x74, 0x3b, 0x09, 0x00, 0x28, 0x01, 0x04, 0x0c, 0x01, 0x05, 0x01,
  0x06, 0x01, 0x00, 0x06, 0x76, 0x61, 0x6c, 0x75, 0x65, 0x73, 0x01, 0x00,
  0x16, 0x4c, 0x6a, 0x61, 0x76, 0x61, 0x2f, 0x75, 0x74, 0x69, 0x6c, 0x2f,
  0x43, 0x6f, 0x6c, 0x6c, 0x65, 0x63, 0x74, 0x69, 0x6f, 0x6e, 0x3b, 0x07,
  0x01, 0x08, 0x01, 0x00, 0x18, 0x6a, 0x61, 0x76, 0x61, 0x2f, 0x75, 0x74,
  0x69, 0x6c, 0x2f, 0x48, 0x61, 0x73, 0x68, 0x4d, 0x61, 0x70, 0x24, 0x56,
  0x61, 0x6c, 0x75, 0x65, 0x73, 0x0a, 0x01, 0x07, 0x00, 0xf6, 0x09, 0x00,
  0x28, 0x01, 0x0b, 0x0c, 0x00, 0x7b, 0x00, 0xf2, 0x07, 0x01, 0x0d, 0x01,
  0x00, 0x1a, 0x6a, 0x61, 0x76, 0x61, 0x2f, 0x75, 0x74, 0x69, 0x6c, 0x2f,
  0x48, 0x61, 0x73, 0x68, 0x4d, 0x61, 0x70, 0x24, 0x45, 0x6e, 0x74, 0x72,
  0x79, 0x53, 0x65, 0x74, 0x0a, 0x01, 0x0c, 0x00, 0xf6, 0x07, 0x01, 0x10,
  0x01, 0x00, 0x1e, 0x6a, 0x61, 0x76, 0x61, 0x2f, 0x6c, 0x61, 0x6e, 0x67,
  0x2f, 0x4e, 0x75, 0x6c, 0x6c, 0x50, 0x6f, 0x69, 0x6e, 0x74, 0x65, 0x72,
  0x45, 0x78, 0x63, 0x65, 0x70, 0x74, 0x69, 0x6f, 0x6e, 0x0a, 0x01, 0x0f,
  0x00, 0x2d, 0x0b, 0x01, 0x13, 0x01, 0x14, 0x07, 0x01, 0x15, 0x0c, 0x01,
  0x16, 0x01, 0x17, 0x01, 0x00, 0x1b, 0x6a, 0x61, 0x76, 0x61, 0x2f, 0x75,
  0x74, 0x69, 0x6c, 0x2f, 0x66, 0x75, 0x6e, 0x63, 0x74, 0x69, 0x6f, 0x6e,
  0x2f, 0x46, 0x75, 0x6e, 0x63, 0x74, 0x69, 0x6f, 0x6e, 0x01, 0x00, 0x05,
  0x61, 0x70, 0x70, 0x6c, 0x79, 0x01, 0x00, 0x26, 0x28, 0x4c, 0x6a, 0x61,
  0x76, 0x61, 0x2f, 0x6c, 0x61, 0x6e, 0x67, 0x2f, 0x4f, 0x62, 0x6a, 0x65,
  0x63, 0x74, 0x3b, 0x29, 0x4c, 0x6a, 0x61, 0x76, 0x61, 0x2f, 0x6c, 0x61,
  0x6e, 0x67, 0x2f, 0x4f, 0x62, 0x6a, 0x65, 0x63, 0x74, 0x3b, 0x07, 0x01,
  0x19, 0x01, 0x00, 0x29, 0x6a, 0x61, 0x76, 0x61, 0x2f, 0x75, 0x74, 0x69,
  0x6c, 0x2f, 0x43, 0x6f, 0x6e, 0x63, 0x75, 0x72, 0x72, 0x65, 0x6e, 0x74,
  0x4d, 0x6f, 0x64, 0x69, 0x66, 0x69, 0x63, 0x61, 0x74, 0x69, 0x6f, 0x6e,
  0x45, 0x78, 0x63, 0x65, 0x70, 0x74, 0x69, 0x6f, 0x6e, 0x0a, 0x01, 0x18,
  0x00, 0x2d, 0x0b, 0x01, 0x1c, 0x01, 0x1d, 0x07, 0x01, 0x1e, 0x0c, 0x01,
  0x16, 0x01, 0x1f, 0x01, 0x00, 0x1d, 0x6a, 0x61, 0x76, 0x61, 0x2f, 0x75,
  0x74, 0x69, 0x6c, 0x2f, 0x66, 0x75, 0x6e, 0x63, 0x74, 0x69, 0x6f, 0x6e,
  0x2f, 0x42, 0x69, 0x46, 0x75, 0x6e, 0x63, 0x74, 0x69, 0x6f, 0x6e, 0x01,
  0x00, 0x38, 0x28, 0x4c, 0x6a, 0x61, 0x76, 0x61, 0x2f, 0x6c, 0x61, 0x6e,
  0x67, 0x2f, 0x4f, 0x62, 0x6a, 0x65, 0x63, 0x74, 0x3b, 0x4c, 0x6a, 0x61,
  0x76, 0x61, 0x2f, 0x6c, 0x61, 0x6e, 0x67, 0x2f, 0x4f, 0x62, 0x6a, 0x65,
  0x63, 0x74, 0x3b, 0x29, 0x4c, 0x6a, 0x61, 0x76, 0x61, 0x2f, 0x6c, 0x61,
  0x6e, 0x67, 0x2f, 0x4f, 0x62, 0x6a, 0x65, 0x63, 0x74, 0x3b, 0x0b, 0x01,
  0x21, 0x01, 0x22, 0x07, 0x01, 0x23, 0x0c, 0x01, 0x24, 0x01, 0x25, 0x01,
  0x00, 0x1d, 0x6a, 0x61, 0x76, 0x61, 0x2f, 0x75, 0x74, 0x69, 0x6c, 0x2f,
  0x66, 0x75, 0x6e, 0x63, 0x74, 0x69, 0x6f, 0x6e, 0x2f, 0x42, 0x69, 0x43,
  0x6f, 0x6e, 0x73, 0x75, 0x6d, 0x65, 0x72, 0x01, 0x00, 0x06, 0x61, 0x63,
  0x63, 0x65, 0x70, 0x74, 0x01, 0x00, 0x27, 0x28, 0x4c, 0x6a, 0x61, 0x76,
  0x61, 0x2f, 0x6c, 0x61, 0x6e, 0x67, 0x2f, 0x4f, 0x62, 0x6a, 0x65, 0x63,
  0x74, 0x3b, 0x4c, 0x6a, 0x61, 0x76, 0x61, 0x2f, 0x6c, 0x61, 0x6e, 0x67,
  0x2f, 0x4f, 0x62, 0x6a, 0x65, 0x63, 0x74, 0x3b, 0x29, 0x56, 0x0a, 0x00,
  0x2c, 0x01, 0x27, 0x0c, 0x01, 0x28, 0x00, 0x8c, 0x01, 0x00, 0x05, 0x63,
  0x6c, 0x6f, 0x6e, 0x65, 0x07, 0x01, 0x2a, 0x01, 0x00, 0x24, 0x6a, 0x61,
  0x76, 0x61, 0x2f, 0x6c, 0x61, 0x6e, 0x67, 0x2f, 0x43, 0x6c, 0x6f, 0x6e,
  0x65, 0x4e, 0x6f, 0x74, 0x53, 0x75, 0x70, 0x70, 0x6f, 0x72, 0x74, 0x65,
  0x64, 0x45, 0x78, 0x63, 0x65, 0x70, 0x74, 0x69, 0x6f, 0x6e, 0x07, 0x01,
  0x2c, 0x01, 0x00, 0x17, 0x6a, 0x61, 0x76, 0x61, 0x2f, 0x6c, 0x61, 0x6e,
  0x67, 0x2f, 0x49, 0x6e, 0x74, 0x65, 0x72, 0x6e, 0x61, 0x6c, 0x45, 0x72,
  0x72, 0x6f, 0x72, 0x0a, 0x01, 0x2b, 0x01, 0x2e, 0x0c, 0x00, 0x2f, 0x01,
  0x2f, 0x01, 0x00, 0x18, 0x28, 0x4c, 0x6a, 0x61, 0x76, 0x61, 0x2f, 0x6c,
  0x61, 0x6e, 0x67, 0x2f, 0x54, 0x68, 0x72, 0x6f, 0x77, 0x61, 0x62, 0x6c,
  0x65, 0x3b, 0x29, 0x56, 0x0a, 0x00, 0x28, 0x01, 0x31, 0x0c, 0x01, 0x32,
  0x00, 0x30, 0x01, 0x00, 0x0c, 0x72, 0x65, 0x69, 0x6e, 0x69, 0x74, 0x69,
  0x61, 0x6c, 0x69, 0x7a, 0x65, 0x0a, 0x00, 0xa3, 0x01, 0x34, 0x0c, 0x00,
  0x2f, 0x01, 0x35, 0x01, 0x00, 0x40, 0x28, 0x49, 0x4c, 0x6a, 0x61, 0x76,
  0x61, 0x2f, 0x6c, 0x61, 0x6e, 0x67, 0x2f, 0x4f, 0x62, 0x6a, 0x65, 0x63,
  0x74, 0x3b, 0x4c, 0x6a, 0x61, 0x76, 0x61, 0x2f, 0x6c, 0x61, 0x6e, 0x67,
  0x2f, 0x4f, 0x62, 0x6a, 0x65, 0x63, 0x74, 0x3b, 0x4c, 0x6a, 0x61, 0x76,
  0x61, 0x2f, 0x75, 0x74, 0x69, 0x6c, 0x2f, 0x48, 0x61, 0x73, 0x68, 0x4d,
  0x61, 0x70, 0x24, 0x4e, 0x6f, 0x64, 0x65, 0x3b, 0x29, 0x56, 0x0a, 0x00,
  0xb4, 0x01, 0x34, 0x06, 0x3f, 0xe8, 0x00, 0x00, 0x00, 0x00, 0x00, 0x00,
  0x08, 0x01, 0x3a, 0x01, 0x00, 0x1d, 0x4e, 0x65, 0x67, 0x61, 0x74, 0x69,
  0x76, 0x65, 0x20, 0x6e, 0x75, 0x6d, 0x62, 0x65, 0x72, 0x20, 0x6f, 0x66,
  0x20, 0x6d, 0x61, 0x70, 0x70, 0x69, 0x6e, 0x67, 0x73, 0x3a, 0x20, 0x0a,
  0x00, 0x28, 0x01, 0x3c, 0x0c, 0x01, 0x3d, 0x00, 0x27, 0x01, 0x00, 0x18,
  0x63, 0x61, 0x6c, 0x63, 0x75, 0x6c, 0x61, 0x74, 0x65, 0x48, 0x61, 0x73,
  0x68, 0x4d, 0x61, 0x70, 0x43, 0x61, 0x70, 0x61, 0x63, 0x69, 0x74, 0x79,
  0x0a, 0x00, 0x28, 0x01, 0x3f, 0x0c, 0x00, 0x2f, 0x01, 0x40, 0x01, 0x00,
  0x04, 0x28, 0x49, 0x29, 0x56, 0x07, 0x01, 0x42, 0x01, 0x00, 0x13, 0x6a,
  0x61, 0x76, 0x61, 0x2f, 0x6c, 0x61, 0x6e, 0x67, 0x2f, 0x43, 0x6c, 0x6f,
  0x6e, 0x65, 0x61, 0x62, 0x6c, 0x65, 0x01, 0x00, 0x18, 0x44, 0x45, 0x46,
  0x41, 0x55, 0x4c, 0x54, 0x5f, 0x49, 0x4e, 0x49, 0x54, 0x49, 0x41, 0x4c,
  0x5f, 0x43, 0x41, 0x50, 0x41, 0x43, 0x49, 0x54, 0x59, 0x01, 0x00, 0x0d,
  0x43, 0x6f, 0x6e, 0x73, 0x74, 0x61, 0x6e, 0x74, 0x56, 0x61, 0x6c, 0x75,
  0x65, 0x03, 0x00, 0x00, 0x00, 0x10, 0x01, 0x00, 0x10, 0x4d, 0x41, 0x58,
  0x49, 0x4d, 0x55, 0x4d, 0x5f, 0x43, 0x41, 0x50, 0x41, 0x43, 0x49, 0x54,
  0x59, 0x01, 0x00, 0x13, 0x44, 0x45, 0x46, 0x41, 0x55, 0x4c, 0x54, 0x5f,
  0x4c, 0x4f, 0x41, 0x44, 0x5f, 0x46, 0x41, 0x43, 0x54, 0x4f, 0x52, 0x01,
  0x00, 0x11, 0x54, 0x52, 0x45, 0x45, 0x49, 0x46, 0x59, 0x5f, 0x54, 0x48,
  0x52, 0x45, 0x53, 0x48, 0x4f, 0x4c, 0x44, 0x03, 0x00, 0x00, 0x00, 0x08,
  0x01, 0x00, 0x13, 0x55, 0x4e, 0x54, 0x52, 0x45, 0x45, 0x49, 0x46, 0x59,
  0x5f, 0x54, 0x48, 0x52, 0x45, 0x53, 0x48, 0x4f, 0x4c, 0x44, 0x03, 0x00,
  0x00, 0x00, 0x06, 0x01, 0x00, 0x14, 0x4d, 0x49, 0x4e, 0x5f, 0x54, 0x52,
  0x45, 0x45, 0x49, 0x46, 0x59, 0x5f, 0x43, 0x41, 0x50, 0x41, 0x43, 0x49,
  0x54, 0x59, 0x03, 0x00, 0x00, 0x00, 0x40, 0x01, 0x00, 0x09, 0x53, 0x69,
  0x67, 0x6e, 0x61, 0x74, 0x75, 0x72, 0x65, 0x01, 0x00, 0x21, 0x5b, 0x4c,
  0x6a, 0x61, 0x76, 0x61, 0x2f, 0x75, 0x74, 0x69, 0x6c, 0x2f, 0x48, 0x61,
  0x73, 0x68, 0x4d, 0x61, 0x70, 0x24, 0x4e, 0x6f, 0x64, 0x65, 0x3c, 0x54,
  0x4b, 0x3b, 0x54, 0x56, 0x3b, 0x3e, 0x3b, 0x01, 0x00, 0x2e, 0x4c, 0x6a,
  0x61, 0x76, 0x61, 0x2f, 0x75, 0x74, 0x69, 0x6c, 0x2f, 0x53, 0x65, 0x74,
  0x3c, 0x4c, 0x6a, 0x61, 0x76, 0x61, 0x2f, 0x75, 0x74, 0x69, 0x6c, 0x2f,
  0x4d, 0x61, 0x70, 0x24, 0x45, 0x6e, 0x74, 0x72, 0x79, 0x3c, 0x54, 0x4b,
  0x3b, 0x54, 0x56, 0x3b, 0x3e, 0x3b, 0x3e, 0x3b, 0x01, 0x00, 0x04, 0x43,
  0x6f, 0x64, 0x65, 0x01, 0x00, 0x0f, 0x4c, 0x69, 0x6e, 0x65, 0x4e, 0x75,
  0x6d, 0x62, 0x65, 0x72, 0x54, 0x61, 0x62, 0x6c, 0x65, 0x01, 0x00, 0x12,
  0x4c, 0x6f, 0x63, 0x61, 0x6c, 0x56, 0x61, 0x72, 0x69, 0x61, 0x62, 0x6c,
  0x65, 0x54, 0x61, 0x62, 0x6c, 0x65, 0x01, 0x00, 0x01, 0x68, 0x01, 0x00,
  0x0d, 0x53, 0x74, 0x61, 0x63, 0x6b, 0x4d, 0x61, 0x70, 0x54, 0x61, 0x62,
  0x6c, 0x65, 0x01, 0x00, 0x12, 0x63, 0x6f, 0x6d, 0x70, 0x61, 0x72, 0x61,
  0x62, 0x6c, 0x65, 0x43, 0x6c, 0x61, 0x73, 0x73, 0x46, 0x6f, 0x72, 0x01,
  0x00, 0x25, 0x28, 0x4c, 0x6a, 0x61, 0x76, 0x61, 0x2f, 0x6c, 0x61, 0x6e,
  0x67, 0x2f, 0x4f, 0x62, 0x6a, 0x65, 0x63, 0x74, 0x3b, 0x29, 0x4c, 0x6a,
  0x61, 0x76, 0x61, 0x2f, 0x6c, 0x61, 0x6e, 0x67, 0x2f, 0x43, 0x6c, 0x61,
  0x73, 0x73, 0x3b, 0x01, 0x00, 0x02, 0x61, 0x73, 0x01, 0x00, 0x19, 0x5b,
  0x4c, 0x6a, 0x61, 0x76, 0x61, 0x2f, 0x6c, 0x61, 0x6e, 0x67, 0x2f, 0x72,
  0x65, 0x66, 0x6c, 0x65, 0x63, 0x74, 0x2f, 0x54, 0x79, 0x70, 0x65, 0x3b,
  0x01, 0x00, 0x01, 0x70, 0x01, 0x00, 0x25, 0x4c, 0x6a, 0x61, 0x76, 0x61,
  0x2f, 0x6c, 0x61, 0x6e, 0x67, 0x2f, 0x72, 0x65, 0x66, 0x6c, 0x65, 0x63,
  0x74, 0x2f, 0x50, 0x61, 0x72, 0x61, 0x6d, 0x65, 0x74, 0x65, 0x72, 0x69,
  0x7a, 0x65, 0x64, 0x54, 0x79, 0x70, 0x65, 0x3b, 0x01, 0x00, 0x01, 0x74,
  0x01, 0x00, 0x18, 0x4c, 0x6a, 0x61, 0x76, 0x61, 0x2f, 0x6c, 0x61, 0x6e,
  0x67, 0x2f, 0x72, 0x65, 0x66, 0x6c, 0x65, 0x63, 0x74, 0x2f, 0x54, 0x79,
  0x70, 0x65, 0x3b, 0x01, 0x00, 0x01, 0x63, 0x01, 0x00, 0x11, 0x4c, 0x6a,
  0x61, 0x76, 0x61, 0x2f, 0x6c, 0x61, 0x6e, 0x67, 0x2f, 0x43, 0x6c, 0x61,
  0x73, 0x73, 0x3b, 0x01, 0x00, 0x02, 0x74, 0x73, 0x01, 0x00, 0x01, 0x78,
  0x01, 0x00, 0x16, 0x4c, 0x6f, 0x63, 0x61, 0x6c, 0x56, 0x61, 0x72, 0x69,
  0x61, 0x62, 0x6c, 0x65, 0x54, 0x79, 0x70, 0x65, 0x54, 0x61, 0x62, 0x6c,
  0x65, 0x01, 0x00, 0x14, 0x4c, 0x6a, 0x61, 0x76, 0x61, 0x2f, 0x6c, 0x61,
  0x6e, 0x67, 0x2f, 0x43, 0x6c, 0x61, 0x73, 0x73, 0x3c, 0x2a, 0x3e, 0x3b,
  0x07, 0x01, 0x59, 0x01, 0x00, 0x28, 0x28, 0x4c, 0x6a, 0x61, 0x76, 0x61,
  0x2f, 0x6c, 0x61, 0x6e, 0x67, 0x2f, 0x4f, 0x62, 0x6a, 0x65, 0x63, 0x74,
  0x3b, 0x29, 0x4c, 0x6a, 0x61, 0x76, 0x61, 0x2f, 0x6c, 0x61, 0x6e, 0x67,
  0x2f, 0x43, 0x6c, 0x61, 0x73, 0x73, 0x3c, 0x2a, 0x3e, 0x3b, 0x01, 0x00,
  0x12, 0x63, 0x6f, 0x6d, 0x70, 0x61, 0x72, 0x65, 0x43, 0x6f, 0x6d, 0x70,
  0x61, 0x72, 0x61, 0x62, 0x6c, 0x65, 0x73, 0x01, 0x00, 0x38, 0x28, 0x4c,
  0x6a, 0x61, 0x76, 0x61, 0x2f, 0x6c, 0x61, 0x6e, 0x67, 0x2f, 0x43, 0x6c,
  0x61, 0x73, 0x73, 0x3b, 0x4c, 0x6a, 0x61, 0x76, 0x61, 0x2f, 0x6c, 0x61,
  0x6e, 0x67, 0x2f, 0x4f, 0x62, 0x6a, 0x65, 0x63, 0x74, 0x3b, 0x4c, 0x6a,
  0x61, 0x76, 0x61, 0x2f, 0x6c, 0x61, 0x6e, 0x67, 0x2f, 0x4f, 0x62, 0x6a,
  0x65, 0x63, 0x74, 0x3b, 0x29, 0x49, 0x01, 0x00, 0x02, 0x6b, 0x63, 0x01,
  0x00, 0x01, 0x6b, 0x01, 0x00, 0x3b, 0x28, 0x4c, 0x6a, 0x61, 0x76, 0x61,
  0x2f, 0x6c, 0x61, 0x6e, 0x67, 0x2f, 0x43, 0x6c, 0x61, 0x73, 0x73, 0x3c,
  0x2a, 0x3e, 0x3b, 0x4c, 0x6a, 0x61, 0x76, 0x61, 0x2f, 0x6c, 0x61, 0x6e,
  0x67, 0x2f, 0x4f, 0x62, 0x6a, 0x65, 0x63, 0x74, 0x3b, 0x4c, 0x6a, 0x61,
  0x76, 0x61, 0x2f, 0x6c, 0x61, 0x6e, 0x67, 0x2f, 0x4f, 0x62, 0x6a, 0x65,
  0x63, 0x74, 0x3b, 0x29, 0x49, 0x01, 0x00, 0x03, 0x63, 0x61, 0x70, 0x01,
  0x00, 0x01, 0x6e, 0x01, 0x00, 0x04, 0x74, 0x68, 0x69, 0x73, 0x01, 0x00,
  0x13, 0x4c, 0x6a, 0x61, 0x76, 0x61, 0x2f, 0x75, 0x74, 0x69, 0x6c, 0x2f,
  0x48, 0x61, 0x73, 0x68, 0x4d, 0x61, 0x70, 0x3b, 0x01, 0x00, 0x0f, 0x69,
  0x6e, 0x69, 0x74, 0x69, 0x61, 0x6c, 0x43, 0x61, 0x70, 0x61, 0x63, 0x69,
  0x74, 0x79, 0x01, 0x00, 0x1b, 0x4c, 0x6a, 0x61, 0x76, 0x61, 0x2f, 0x75,
  0x74, 0x69, 0x6c, 0x2f, 0x48, 0x61, 0x73, 0x68, 0x4d, 0x61, 0x70, 0x3c,
  0x54, 0x4b, 0x3b, 0x54, 0x56, 0x3b, 0x3e, 0x3b, 0x01, 0x00, 0x12, 0x28,
  0x4c, 0x6a, 0x61, 0x76, 0x61, 0x2f, 0x75, 0x74, 0x69, 0x6c, 0x2f, 0x4d,
  0x61, 0x70, 0x3b, 0x29, 0x56, 0x01, 0x00, 0x01, 0x6d, 0x01, 0x00, 0x0f,
  0x4c, 0x6a, 0x61, 0x76, 0x61, 0x2f, 0x75, 0x74, 0x69, 0x6c, 0x2f, 0x4d,
  0x61, 0x70, 0x3b, 0x01, 0x00, 0x19, 0x4c, 0x6a, 0x61, 0x76, 0x61, 0x2f,
  0x75, 0x74, 0x69, 0x6c, 0x2f, 0x4d, 0x61, 0x70, 0x3c, 0x2b, 0x54, 0x4b,
  0x3b, 0x2b, 0x54, 0x56, 0x3b, 0x3e, 0x3b, 0x01, 0x00, 0x1c, 0x28, 0x4c,
  0x6a, 0x61, 0x76, 0x61, 0x2f, 0x75, 0x74, 0x69, 0x6c, 0x2f, 0x4d, 0x61,
  0x70, 0x3c, 0x2b, 0x54, 0x4b, 0x3b, 0x2b, 0x54, 0x56, 0x3b, 0x3e, 0x3b,
  0x29, 0x56, 0x01, 0x00, 0x02, 0x64, 0x74, 0x01, 0x00, 0x01, 0x44, 0x01,
  0x00, 0x01, 0x65, 0x01, 0x00, 0x15, 0x4c, 0x6a, 0x61, 0x76, 0x61, 0x2f,
  0x75, 0x74, 0x69, 0x6c, 0x2f, 0x4d, 0x61, 0x70, 0x24, 0x45, 0x6e, 0x74,
  0x72, 0x79, 0x3b, 0x01, 0x00, 0x05, 0x65, 0x76, 0x69, 0x63, 0x74, 0x01,
  0x00, 0x01, 0x5a, 0x01, 0x00, 0x01, 0x73, 0x01, 0x00, 0x03, 0x54, 0x4b,
  0x3b, 0x01, 0x00, 0x03, 0x54, 0x56, 0x3b, 0x01, 0x00, 0x1f, 0x4c, 0x6a,
  0x61, 0x76, 0x61, 0x2f, 0x75, 0x74, 0x69, 0x6c, 0x2f, 0x4d, 0x61, 0x70,
  0x24, 0x45, 0x6e, 0x74, 0x72, 0x79, 0x3c, 0x2b, 0x54, 0x4b, 0x3b, 0x2b,
  0x54, 0x56, 0x3b, 0x3e, 0x3b, 0x01, 0x00, 0x1d, 0x28, 0x4c, 0x6a, 0x61,
  0x76, 0x61, 0x2f, 0x75, 0x74, 0x69, 0x6c, 0x2f, 0x4d, 0x61, 0x70, 0x3c,
  0x2b, 0x54, 0x4b, 0x3b, 0x2b, 0x54, 0x56, 0x3b, 0x3e, 0x3b, 0x5a, 0x29,
  0x56, 0x01, 0x00, 0x07, 0x69, 0x73, 0x45, 0x6d, 0x70, 0x74, 0x79, 0x01,
  0x00, 0x03, 0x67, 0x65, 0x74, 0x01, 0x00, 0x20, 0x4c, 0x6a, 0x61, 0x76,
  0x61, 0x2f, 0x75, 0x74, 0x69, 0x6c, 0x2f, 0x48, 0x61, 0x73, 0x68, 0x4d,
  0x61, 0x70, 0x24, 0x4e, 0x6f, 0x64, 0x65, 0x3c, 0x54, 0x4b, 0x3b, 0x54,
  0x56, 0x3b, 0x3e, 0x3b, 0x01, 0x00, 0x17, 0x28, 0x4c, 0x6a, 0x61, 0x76,
  0x61, 0x2f, 0x6c, 0x61, 0x6e, 0x67, 0x2f, 0x4f, 0x62, 0x6a, 0x65, 0x63,
  0x74, 0x3b, 0x29, 0x54, 0x56, 0x3b, 0x01, 0x00, 0x05, 0x66, 0x69, 0x72,
  0x73, 0x74, 0x01, 0x00, 0x03, 0x74, 0x61, 0x62, 0x07, 0x00, 0x6c, 0x01,
  0x00, 0x34, 0x28, 0x4c, 0x6a, 0x61, 0x76, 0x61, 0x2f, 0x6c, 0x61, 0x6e,
  0x67, 0x2f, 0x4f, 0x62, 0x6a, 0x65, 0x63, 0x74, 0x3b, 0x29, 0x4c, 0x6a,
  0x61, 0x76, 0x61, 0x2f, 0x75, 0x74, 0x69, 0x6c, 0x2f, 0x48, 0x61, 0x73,
  0x68, 0x4d, 0x61, 0x70, 0x24, 0x4e, 0x6f, 0x64, 0x65, 0x3c, 0x54, 0x4b,
  0x3b, 0x54, 0x56, 0x3b, 0x3e, 0x3b, 0x01, 0x00, 0x0b, 0x63, 0x6f, 0x6e,
  0x74, 0x61, 0x69, 0x6e, 0x73, 0x4b, 0x65, 0x79, 0x01, 0x00, 0x03, 0x70,
  0x75, 0x74, 0x01, 0x00, 0x0b, 0x28, 0x54, 0x4b, 0x3b, 0x54, 0x56, 0x3b,
  0x29, 0x54, 0x56, 0x3b, 0x01, 0x00, 0x08, 0x62, 0x69, 0x6e, 0x43, 0x6f,
  0x75, 0x6e, 0x74, 0x01, 0x00, 0x08, 0x6f, 0x6c, 0x64, 0x56, 0x61, 0x6c,
  0x75, 0x65, 0x01, 0x00, 0x0c, 0x6f, 0x6e, 0x6c, 0x79, 0x49, 0x66, 0x41,
  0x62, 0x73, 0x65, 0x6e, 0x74, 0x01, 0x00, 0x01, 0x69, 0x01, 0x00, 0x0e,
  0x28, 0x49, 0x54, 0x4b, 0x3b, 0x54, 0x56, 0x3b, 0x5a, 0x5a, 0x29, 0x54,
  0x56, 0x3b, 0x01, 0x00, 0x06, 0x6e, 0x65, 0x77, 0x43, 0x61, 0x70, 0x01,
  0x00, 0x02, 0x66, 0x74, 0x01, 0x00, 0x06, 0x6c, 0x6f, 0x48, 0x65, 0x61,
  0x64, 0x01, 0x00, 0x06, 0x6c, 0x6f, 0x54, 0x61, 0x69, 0x6c, 0x01, 0x00,
  0x06, 0x68, 0x69, 0x48, 0x65, 0x61, 0x64, 0x01, 0x00, 0x06, 0x68, 0x69,
  0x54, 0x61, 0x69, 0x6c, 0x01, 0x00, 0x01, 0x6a, 0x01, 0x00, 0x06, 0x6f,
  0x6c, 0x64, 0x54, 0x61, 0x62, 0x01, 0x00, 0x06, 0x6f, 0x6c, 0x64, 0x43,
  0x61, 0x70, 0x01, 0x00, 0x06, 0x6f, 0x6c, 0x64, 0x54, 0x68, 0x72, 0x01,
  0x00, 0x06, 0x6e, 0x65, 0x77, 0x54, 0x68, 0x72, 0x01, 0x00, 0x06, 0x6e,
  0x65, 0x77, 0x54, 0x61, 0x62, 0x01, 0x00, 0x23, 0x28, 0x29, 0x5b, 0x4c,
  0x6a, 0x61, 0x76, 0x61, 0x2f, 0x75, 0x74, 0x69, 0x6c, 0x2f, 0x48, 0x61,
  0x73, 0x68, 0x4d, 0x61, 0x70, 0x24, 0x4e, 0x6f, 0x64, 0x65, 0x3c, 0x54,
  0x4b, 0x3b, 0x54, 0x56, 0x3b, 0x3e, 0x3b, 0x01, 0x00, 0x02, 0x68, 0x64,
  0x01, 0x00, 0x02, 0x74, 0x6c, 0x01, 0x00, 0x05, 0x69, 0x6e, 0x64, 0x65,
  0x78, 0x01, 0x00, 0x24, 0x4c, 0x6a, 0x61, 0x76, 0x61, 0x2f, 0x75, 0x74,
  0x69, 0x6c, 0x2f, 0x48, 0x61, 0x73, 0x68, 0x4d, 0x61, 0x70, 0x24, 0x54,
  0x72, 0x65, 0x65, 0x4e, 0x6f, 0x64, 0x65, 0x3c, 0x54, 0x4b, 0x3b, 0x54,
  0x56, 0x3b, 0x3e, 0x3b, 0x01, 0x00, 0x25, 0x28, 0x5b, 0x4c, 0x6a, 0x61,
  0x76, 0x61, 0x2f, 0x75, 0x74, 0x69, 0x6c, 0x2f, 0x48, 0x61, 0x73, 0x68,
  0x4d, 0x61, 0x70, 0x24, 0x4e, 0x6f, 0x64, 0x65, 0x3c, 0x54, 0x4b, 0x3b,
  0x54, 0x56, 0x3b, 0x3e, 0x3b, 0x49, 0x29, 0x56, 0x01, 0x00, 0x06, 0x70,
  0x75, 0x74, 0x41, 0x6c, 0x6c, 0x01, 0x00, 0x06, 0x72, 0x65, 0x6d, 0x6f,
  0x76, 0x65, 0x01, 0x00, 0x01, 0x76, 0x01, 0x00, 0x04, 0x6e, 0x6f, 0x64,
  0x65, 0x01, 0x00, 0x0a, 0x6d, 0x61, 0x74, 0x63, 0x68, 0x56, 0x61, 0x6c,
  0x75, 0x65, 0x01, 0x00, 0x07, 0x6d, 0x6f, 0x76, 0x61, 0x62, 0x6c, 0x65,
  0x01, 0x00, 0x49, 0x28, 0x49, 0x4c, 0x6a, 0x61, 0x76, 0x61, 0x2f, 0x6c,
  0x61, 0x6e, 0x67, 0x2f, 0x4f, 0x62, 0x6a, 0x65, 0x63, 0x74, 0x3b, 0x4c,
  0x6a, 0x61, 0x76, 0x61, 0x2f, 0x6c, 0x61, 0x6e, 0x67, 0x2f, 0x4f, 0x62,
  0x6a, 0x65, 0x63, 0x74, 0x3b, 0x5a, 0x5a, 0x29, 0x4c, 0x6a, 0x61, 0x76,
  0x61, 0x2f, 0x75, 0x74, 0x69, 0x6c, 0x2f, 0x48, 0x61, 0x73, 0x68, 0x4d,
  0x61, 0x70, 0x24, 0x4e, 0x6f, 0x64, 0x65, 0x3c, 0x54, 0x4b, 0x3b, 0x54,
  0x56, 0x3b, 0x3e, 0x3b, 0x01, 0x00, 0x05, 0x63, 0x6c, 0x65, 0x61, 0x72,
  0x01, 0x00, 0x0d, 0x63, 0x6f, 0x6e, 0x74, 0x61, 0x69, 0x6e, 0x73, 0x56,
  0x61, 0x6c, 0x75, 0x65, 0x01, 0x00, 0x02, 0x6b, 0x73, 0x01, 0x00, 0x14,
  0x4c, 0x6a, 0x61, 0x76, 0x61, 0x2f, 0x75, 0x74, 0x69, 0x6c, 0x2f, 0x53,
  0x65, 0x74, 0x3c, 0x54, 0x4b, 0x3b, 0x3e, 0x3b, 0x01, 0x00, 0x16, 0x28,
  0x29, 0x4c, 0x6a, 0x61, 0x76, 0x61, 0x2f, 0x75, 0x74, 0x69, 0x6c, 0x2f,
  0x53, 0x65, 0x74, 0x3c, 0x54, 0x4b, 0x3b, 0x3e, 0x3b, 0x01, 0x00, 0x0c,
  0x70, 0x72, 0x65, 0x70, 0x61, 0x72, 0x65, 0x41, 0x72, 0x72, 0x61, 0x79,
  0x01, 0x00, 0x28, 0x28, 0x5b, 0x4c, 0x6a, 0x61, 0x76, 0x61, 0x2f, 0x6c,
  0x61, 0x6e, 0x67, 0x2f, 0x4f, 0x62, 0x6a, 0x65, 0x63, 0x74, 0x3b, 0x29,
  0x5b, 0x4c, 0x6a, 0x61, 0x76, 0x61, 0x2f, 0x6c, 0x61, 0x6e, 0x67, 0x2f,
  0x4f, 0x62, 0x6a, 0x65, 0x63, 0x74, 0x3b, 0x01, 0x00, 0x01, 0x61, 0x01,
  0x00, 0x04, 0x5b, 0x54, 0x54, 0x3b, 0x01, 0x00, 0x20, 0x3c, 0x54, 0x3a,
  0x4c, 0x6a, 0x61, 0x76, 0x61, 0x2f, 0x6c, 0x61, 0x6e, 0x67, 0x2f, 0x4f,
  0x62, 0x6a, 0x65, 0x63, 0x74, 0x3b, 0x3e, 0x28, 0x5b, 0x54, 0x54, 0x3b,
  0x29, 0x5b, 0x54, 0x54, 0x3b, 0x01, 0x00, 0x0b, 0x6b, 0x65, 0x79, 0x73,
  0x54, 0x6f, 0x41, 0x72, 0x72, 0x61, 0x79, 0x01, 0x00, 0x01, 0x72, 0x01,
  0x00, 0x03, 0x69, 0x64, 0x78, 0x01, 0x00, 0x0d, 0x76, 0x61, 0x6c, 0x75,
  0x65, 0x73, 0x54, 0x6f, 0x41, 0x72, 0x72, 0x61, 0x79, 0x01, 0x00, 0x18,
  0x28, 0x29, 0x4c, 0x6a, 0x61, 0x76, 0x61, 0x2f, 0x75, 0x74, 0x69, 0x6c,
  0x2f, 0x43, 0x6f, 0x6c, 0x6c, 0x65, 0x63, 0x74, 0x69, 0x6f, 0x6e, 0x3b,
  0x01, 0x00, 0x02, 0x76, 0x73, 0x01, 0x00, 0x1b, 0x4c, 0x6a, 0x61, 0x76,
  0x61, 0x2f, 0x75, 0x74, 0x69, 0x6c, 0x2f, 0x43, 0x6f, 0x6c, 0x6c, 0x65,
  0x63, 0x74, 0x69, 0x6f, 0x6e, 0x3c, 0x54, 0x56, 0x3b, 0x3e, 0x3b, 0x07,
  0x01, 0xbc, 0x01, 0x00, 0x14, 0x6a, 0x61, 0x76, 0x61, 0x2f, 0x75, 0x74,
  0x69, 0x6c, 0x2f, 0x43, 0x6f, 0x6c, 0x6c, 0x65, 0x63, 0x74, 0x69, 0x6f,
  0x6e, 0x01, 0x00, 0x1d, 0x28, 0x29, 0x4c, 0x6a, 0x61, 0x76, 0x61, 0x2f,
  0x75, 0x74, 0x69, 0x6c, 0x2f, 0x43, 0x6f, 0x6c, 0x6c, 0x65, 0x63, 0x74,
  0x69, 0x6f, 0x6e, 0x3c, 0x54, 0x56, 0x3b, 0x3e, 0x3b, 0x01, 0x00, 0x02,
  0x65, 0x73, 0x01, 0x00, 0x30, 0x28, 0x29, 0x4c, 0x6a, 0x61, 0x76, 0x61,
  0x2f, 0x75, 0x74, 0x69, 0x6c, 0x2f, 0x53, 0x65, 0x74, 0x3c, 0x4c, 0x6a,
  0x61, 0x76, 0x61, 0x2f, 0x75, 0x74, 0x69, 0x6c, 0x2f, 0x4d, 0x61, 0x70,
  0x24, 0x45, 0x6e, 0x74, 0x72, 0x79, 0x3c, 0x54, 0x4b, 0x3b, 0x54, 0x56,
  0x3b, 0x3e, 0x3b, 0x3e, 0x3b, 0x01, 0x00, 0x0c, 0x67, 0x65, 0x74, 0x4f,
  0x72, 0x44, 0x65, 0x66, 0x61, 0x75, 0x6c, 0x74, 0x01, 0x00, 0x0c, 0x64,
  0x65, 0x66, 0x61, 0x75, 0x6c, 0x74, 0x56, 0x61, 0x6c, 0x75, 0x65, 0x01,
  0x00, 0x1a, 0x28, 0x4c, 0x6a, 0x61, 0x76, 0x61, 0x2f, 0x6c, 0x61, 0x6e,
  0x67, 0x2f, 0x4f, 0x62, 0x6a, 0x65, 0x63, 0x74, 0x3b, 0x54, 0x56, 0x3b,
  0x29, 0x54, 0x56, 0x3b, 0x01, 0x00, 0x0b, 0x70, 0x75, 0x74, 0x49, 0x66,
  0x41, 0x62, 0x73, 0x65, 0x6e, 0x74, 0x01, 0x00, 0x27, 0x28, 0x4c, 0x6a,
  0x61, 0x76, 0x61, 0x2f, 0x6c, 0x61, 0x6e, 0x67, 0x2f, 0x4f, 0x62, 0x6a,
  0x65, 0x63, 0x74, 0x3b, 0x4c, 0x6a, 0x61, 0x76, 0x61, 0x2f, 0x6c, 0x61,
  0x6e, 0x67, 0x2f, 0x4f, 0x62, 0x6a, 0x65, 0x63, 0x74, 0x3b, 0x29, 0x5a,
  0x01, 0x00, 0x07, 0x72, 0x65, 0x70, 0x6c, 0x61, 0x63, 0x65, 0x01, 0x00,
  0x39, 0x28, 0x4c, 0x6a, 0x61, 0x76, 0x61, 0x2f, 0x6c, 0x61, 0x6e, 0x67,
  0x2f, 0x4f, 0x62, 0x6a, 0x65, 0x63, 0x74, 0x3b, 0x4c, 0x6a, 0x61, 0x76,
  0x61, 0x2f, 0x6c, 0x61, 0x6e, 0x67, 0x2f, 0x4f, 0x62, 0x6a, 0x65, 0x63,
  0x74, 0x3b, 0x4c, 0x6a, 0x61, 0x76, 0x61, 0x2f, 0x6c, 0x61, 0x6e, 0x67,
  0x2f, 0x4f, 0x62, 0x6a, 0x65, 0x63, 0x74, 0x3b, 0x29, 0x5a, 0x01, 0x00,
  0x08, 0x6e, 0x65, 0x77, 0x56, 0x61, 0x6c, 0x75, 0x65, 0x01, 0x00, 0x0c,
  0x28, 0x54, 0x4b, 0x3b, 0x54, 0x56, 0x3b, 0x54, 0x56, 0x3b, 0x29, 0x5a,
  0x01, 0x00, 0x0f, 0x63, 0x6f, 0x6d, 0x70, 0x75, 0x74, 0x65, 0x49, 0x66,
  0x41, 0x62, 0x73, 0x65, 0x6e, 0x74, 0x01, 0x00, 0x43, 0x28, 0x4c, 0x6a,
  0x61, 0x76, 0x61, 0x2f, 0x6c, 0x61, 0x6e, 0x67, 0x2f, 0x4f, 0x62, 0x6a,
  0x65, 0x63, 0x74, 0x3b, 0x4c, 0x6a, 0x61, 0x76, 0x61, 0x2f, 0x75, 0x74,
  0x69, 0x6c, 0x2f, 0x66, 0x75, 0x6e, 0x63, 0x74, 0x69, 0x6f, 0x6e, 0x2f,
  0x46, 0x75, 0x6e, 0x63, 0x74, 0x69, 0x6f, 0x6e, 0x3b, 0x29, 0x4c, 0x6a,
  0x61, 0x76, 0x61, 0x2f, 0x6c, 0x61, 0x6e, 0x67, 0x2f, 0x4f, 0x62, 0x6a,
  0x65, 0x63, 0x74, 0x3b, 0x01, 0x00, 0x0f, 0x6d, 0x61, 0x70, 0x70, 0x69,
  0x6e, 0x67, 0x46, 0x75, 0x6e, 0x63, 0x74, 0x69, 0x6f, 0x6e, 0x01, 0x00,
  0x1d, 0x4c, 0x6a, 0x61, 0x76, 0x61, 0x2f, 0x75, 0x74, 0x69, 0x6c, 0x2f,
  0x66, 0x75, 0x6e, 0x63, 0x74, 0x69, 0x6f, 0x6e, 0x2f, 0x46, 0x75, 0x6e,
  0x63, 0x74, 0x69, 0x6f, 0x6e, 0x3b, 0x01, 0x00, 0x03, 0x6f, 0x6c, 0x64,
  0x01, 0x00, 0x02, 0x6d, 0x63, 0x01, 0x00, 0x27, 0x4c, 0x6a, 0x61, 0x76,
  0x61, 0x2f, 0x75, 0x74, 0x69, 0x6c, 0x2f, 0x66, 0x75, 0x6e, 0x63, 0x74,
  0x69, 0x6f, 0x6e, 0x2f, 0x46, 0x75, 0x6e, 0x63, 0x74, 0x69, 0x6f, 0x6e,
  0x3c, 0x2d, 0x54, 0x4b, 0x3b, 0x2b, 0x54, 0x56, 0x3b, 0x3e, 0x3b, 0x01,
  0x00, 0x2f, 0x28, 0x54, 0x4b, 0x3b, 0x4c, 0x6a, 0x61, 0x76, 0x61, 0x2f,
  0x75, 0x74, 0x69, 0x6c, 0x2f, 0x66, 0x75, 0x6e, 0x63, 0x74, 0x69, 0x6f,
  0x6e, 0x2f, 0x46, 0x75, 0x6e, 0x63, 0x74, 0x69, 0x6f, 0x6e, 0x3c, 0x2d,
  0x54, 0x4b, 0x3b, 0x2b, 0x54, 0x56, 0x3b, 0x3e, 0x3b, 0x29, 0x54, 0x56,
  0x3b, 0x01, 0x00, 0x10, 0x63, 0x6f, 0x6d, 0x70, 0x75, 0x74, 0x65, 0x49,
  0x66, 0x50, 0x72, 0x65, 0x73, 0x65, 0x6e, 0x74, 0x01, 0x00, 0x45, 0x28,
  0x4c, 0x6a, 0x61, 0x76, 0x61, 0x2f, 0x6c, 0x61, 0x6e, 0x67, 0x2f, 0x4f,
  0x62, 0x6a, 0x65, 0x63, 0x74, 0x3b, 0x4c, 0x6a, 0x61, 0x76, 0x61, 0x2f,
  0x75, 0x74, 0x69, 0x6c, 0x2f, 0x66, 0x75, 0x6e, 0x63, 0x74, 0x69, 0x6f,
  0x6e, 0x2f, 0x42, 0x69, 0x46, 0x75, 0x6e, 0x63, 0x74, 0x69, 0x6f, 0x6e,
  0x3b, 0x29, 0x4c, 0x6a, 0x61, 0x76, 0x61, 0x2f, 0x6c, 0x61, 0x6e, 0x67,
  0x2f, 0x4f, 0x62, 0x6a, 0x65, 0x63, 0x74, 0x3b, 0x01, 0x00, 0x11, 0x72,
  0x65, 0x6d, 0x61, 0x70, 0x70, 0x69, 0x6e, 0x67, 0x46, 0x75, 0x6e, 0x63,
  0x74, 0x69, 0x6f, 0x6e, 0x01, 0x00, 0x1f, 0x4c, 0x6a, 0x61, 0x76, 0x61,
  0x2f, 0x75, 0x74, 0x69, 0x6c, 0x2f, 0x66, 0x75, 0x6e, 0x63, 0x74, 0x69,
  0x6f, 0x6e, 0x2f, 0x42, 0x69, 0x46, 0x75, 0x6e, 0x63, 0x74, 0x69, 0x6f,
  0x6e, 0x3b, 0x01, 0x00, 0x2d, 0x4c, 0x6a, 0x61, 0x76, 0x61, 0x2f, 0x75,
  0x74, 0x69, 0x6c, 0x2f, 0x66, 0x75, 0x6e, 0x63, 0x74, 0x69, 0x6f, 0x6e,
  0x2f, 0x42, 0x69, 0x46, 0x75, 0x6e, 0x63, 0x74, 0x69, 0x6f, 0x6e, 0x3c,
  0x2d, 0x54, 0x4b, 0x3b, 0x2d, 0x54, 0x56, 0x3b, 0x2b, 0x54, 0x56, 0x3b,
  0x3e, 0x3b, 0x01, 0x00, 0x35, 0x28, 0x54, 0x4b, 0x3b, 0x4c, 0x6a, 0x61,
  0x76, 0x61, 0x2f, 0x75, 0x74, 0x69, 0x6c, 0x2f, 0x66, 0x75, 0x6e, 0x63,
  0x74, 0x69, 0x6f, 0x6e, 0x2f, 0x42, 0x69, 0x46, 0x75, 0x6e, 0x63, 0x74,
  0x69, 0x6f, 0x6e, 0x3c, 0x2d, 0x54, 0x4b, 0x3b, 0x2d, 0x54, 0x56, 0x3b,
  0x2b, 0x54, 0x56, 0x3b, 0x3e, 0x3b, 0x29, 0x54, 0x56, 0x3b, 0x01, 0x00,
  0x07, 0x63, 0x6f, 0x6d, 0x70, 0x75, 0x74, 0x65, 0x01, 0x00, 0x05, 0x6d,
  0x65, 0x72, 0x67, 0x65, 0x01, 0x00, 0x57, 0x28, 0x4c, 0x6a, 0x61, 0x76,
  0x61, 0x2f, 0x6c, 0x61, 0x6e, 0x67, 0x2f, 0x4f, 0x62, 0x6a, 0x65, 0x63,
  0x74, 0x3b, 0x4c, 0x6a, 0x61, 0x76, 0x61, 0x2f, 0x6c, 0x61, 0x6e, 0x67,
  0x2f, 0x4f, 0x62, 0x6a, 0x65, 0x63, 0x74, 0x3b, 0x4c, 0x6a, 0x61, 0x76,
  0x61, 0x2f, 0x75, 0x74, 0x69, 0x6c, 0x2f, 0x66, 0x75, 0x6e, 0x63, 0x74,
  0x69, 0x6f, 0x6e, 0x2f, 0x42, 0x69, 0x46, 0x75, 0x6e, 0x63, 0x74, 0x69,
  0x6f, 0x6e, 0x3b, 0x29, 0x4c, 0x6a, 0x61, 0x76, 0x61, 0x2f, 0x6c, 0x61,
  0x6e, 0x67, 0x2f, 0x4f, 0x62, 0x6a, 0x65, 0x63, 0x74, 0x3b, 0x01, 0x00,
  0x2d, 0x4c, 0x6a, 0x61, 0x76, 0x61, 0x2f, 0x75, 0x74, 0x69, 0x6c, 0x2f,
  0x66, 0x75, 0x6e, 0x63, 0x74, 0x69, 0x6f, 0x6e, 0x2f, 0x42, 0x69, 0x46,
  0x75, 0x6e, 0x63, 0x74, 0x69, 0x6f, 0x6e, 0x3c, 0x2d, 0x54, 0x56, 0x3b,
  0x2d, 0x54, 0x56, 0x3b, 0x2b, 0x54, 0x56, 0x3b, 0x3e, 0x3b, 0x01, 0x00,
  0x38, 0x28, 0x54, 0x4b, 0x3b, 0x54, 0x56, 0x3b, 0x4c, 0x6a, 0x61, 0x76,
  0x61, 0x2f, 0x75, 0x74, 0x69, 0x6c, 0x2f, 0x66, 0x75, 0x6e, 0x63, 0x74,
  0x69, 0x6f, 0x6e, 0x2f, 0x42, 0x69, 0x46, 0x75, 0x6e, 0x63, 0x74, 0x69,
  0x6f, 0x6e, 0x3c, 0x2d, 0x54, 0x56, 0x3b, 0x2d, 0x54, 0x56, 0x3b, 0x2b,
  0x54, 0x56, 0x3b, 0x3e, 0x3b, 0x29, 0x54, 0x56, 0x3b, 0x01, 0x00, 0x07,
  0x66, 0x6f, 0x72, 0x45, 0x61, 0x63, 0x68, 0x01, 0x00, 0x22, 0x28, 0x4c,
  0x6a, 0x61, 0x76, 0x61, 0x2f, 0x75, 0x74, 0x69, 0x6c, 0x2f, 0x66, 0x75,
  0x6e, 0x63, 0x74, 0x69, 0x6f, 0x6e, 0x2f, 0x42, 0x69, 0x43, 0x6f, 0x6e,
  0x73, 0x75, 0x6d, 0x65, 0x72, 0x3b, 0x29, 0x56, 0x01, 0x00, 0x06, 0x61,
  0x63, 0x74, 0x69, 0x6f, 0x6e, 0x01, 0x00, 0x1f, 0x4c, 0x6a, 0x61, 0x76,
  0x61, 0x2f, 0x75, 0x74, 0x69, 0x6c, 0x2f, 0x66, 0x75, 0x6e, 0x63, 0x74,
  0x69, 0x6f, 0x6e, 0x2f, 0x42, 0x69, 0x43, 0x6f, 0x6e, 0x73, 0x75, 0x6d,
  0x65, 0x72, 0x3b, 0x01, 0x00, 0x29, 0x4c, 0x6a, 0x61, 0x76, 0x61, 0x2f,
  0x75, 0x74, 0x69, 0x6c, 0x2f, 0x66, 0x75, 0x6e, 0x63, 0x74, 0x69, 0x6f,
  0x6e, 0x2f, 0x42, 0x69, 0x43, 0x6f, 0x6e, 0x73, 0x75, 0x6d, 0x65, 0x72,
  0x3c, 0x2d, 0x54, 0x4b, 0x3b, 0x2d, 0x54, 0x56, 0x3b, 0x3e, 0x3b, 0x01,
  0x00, 0x2c, 0x28, 0x4c, 0x6a, 0x61, 0x76, 0x61, 0x2f, 0x75, 0x74, 0x69,
  0x6c, 0x2f, 0x66, 0x75, 0x6e, 0x63, 0x74, 0x69, 0x6f, 0x6e, 0x2f, 0x42,
  0x69, 0x43, 0x6f, 0x6e, 0x73, 0x75, 0x6d, 0x65, 0x72, 0x3c, 0x2d, 0x54,
  0x4b, 0x3b, 0x2d, 0x54, 0x56, 0x3b, 0x3e, 0x3b, 0x29, 0x56, 0x01, 0x00,
  0x0a, 0x72, 0x65, 0x70, 0x6c, 0x61, 0x63, 0x65, 0x41, 0x6c, 0x6c, 0x01,
  0x00, 0x22, 0x28, 0x4c, 0x6a, 0x61, 0x76, 0x61, 0x2f, 0x75, 0x74, 0x69,
  0x6c, 0x2f, 0x66, 0x75, 0x6e, 0x63, 0x74, 0x69, 0x6f, 0x6e, 0x2f, 0x42,
  0x69, 0x46, 0x75, 0x6e, 0x63, 0x74, 0x69, 0x6f, 0x6e, 0x3b, 0x29, 0x56,
  0x01, 0x00, 0x08, 0x66, 0x75, 0x6e, 0x63, 0x74, 0x69, 0x6f, 0x6e, 0x01,
  0x00, 0x30, 0x28, 0x4c, 0x6a, 0x61, 0x76, 0x61, 0x2f, 0x75, 0x74, 0x69,
  0x6c, 0x2f, 0x66, 0x75, 0x6e, 0x63, 0x74, 0x69, 0x6f, 0x6e, 0x2f, 0x42,
  0x69, 0x46, 0x75, 0x6e, 0x63, 0x74, 0x69, 0x6f, 0x6e, 0x3c, 0x2d, 0x54,
  0x4b, 0x3b, 0x2d, 0x54, 0x56, 0x3b, 0x2b, 0x54, 0x56, 0x3b, 0x3e, 0x3b,
  0x29, 0x56, 0x01, 0x00, 0x06, 0x72, 0x65, 0x73, 0x75, 0x6c, 0x74, 0x01,
  0x00, 0x26, 0x4c, 0x6a, 0x61, 0x76, 0x61, 0x2f, 0x6c, 0x61, 0x6e, 0x67,
  0x2f, 0x43, 0x6c, 0x6f, 0x6e, 0x65, 0x4e, 0x6f, 0x74, 0x53, 0x75, 0x70,
  0x70, 0x6f, 0x72, 0x74, 0x65, 0x64, 0x45, 0x78, 0x63, 0x65, 0x70, 0x74,
  0x69, 0x6f, 0x6e, 0x3b, 0x01, 0x00, 0x03, 0x28, 0x29, 0x46, 0x01, 0x00,
  0x08, 0x63, 0x61, 0x70, 0x61, 0x63, 0x69, 0x74, 0x79, 0x01, 0x00, 0x49,
  0x28, 0x49, 0x54, 0x4b, 0x3b, 0x54, 0x56, 0x3b, 0x4c, 0x6a, 0x61, 0x76,
  0x61, 0x2f, 0x75, 0x74, 0x69, 0x6c, 0x2f, 0x48, 0x61, 0x73, 0x68, 0x4d,
  0x61, 0x70, 0x24, 0x4e, 0x6f, 0x64, 0x65, 0x3c, 0x54, 0x4b, 0x3b, 0x54,
  0x56, 0x3b, 0x3e, 0x3b, 0x29, 0x4c, 0x6a, 0x61, 0x76, 0x61, 0x2f, 0x75,
  0x74, 0x69, 0x6c, 0x2f, 0x48, 0x61, 0x73, 0x68, 0x4d, 0x61, 0x70, 0x24,
  0x4e, 0x6f, 0x64, 0x65, 0x3c, 0x54, 0x4b, 0x3b, 0x54, 0x56, 0x3b, 0x3e,
  0x3b, 0x01, 0x00, 0x0f, 0x72, 0x65, 0x70, 0x6c, 0x61, 0x63, 0x65, 0x6d,
  0x65, 0x6e, 0x74, 0x4e, 0x6f, 0x64, 0x65, 0x01, 0x00, 0x4a, 0x28, 0x4c,
  0x6a, 0x61, 0x76, 0x61, 0x2f, 0x75, 0x74, 0x69, 0x6c, 0x2f, 0x48, 0x61,
  0x73, 0x68, 0x4d, 0x61, 0x70, 0x24, 0x4e, 0x6f, 0x64, 0x65, 0x3b, 0x4c,
  0x6a, 0x61, 0x76, 0x61, 0x2f, 0x75, 0x74, 0x69, 0x6c, 0x2f, 0x48, 0x61,
  0x73, 0x68, 0x4d, 0x61, 0x70, 0x24, 0x4e, 0x6f, 0x64, 0x65, 0x3b, 0x29,
  0x4c, 0x6a, 0x61, 0x76, 0x61, 0x2f, 0x75, 0x74, 0x69, 0x6c, 0x2f, 0x48,
  0x61, 0x73, 0x68, 0x4d, 0x61, 0x70, 0x24, 0x4e, 0x6f, 0x64, 0x65, 0x3b,
  0x01, 0x00, 0x62, 0x28, 0x4c, 0x6a, 0x61, 0x76, 0x61, 0x2f, 0x75, 0x74,
  0x69, 0x6c, 0x2f, 0x48, 0x61, 0x73, 0x68, 0x4d, 0x61, 0x70, 0x24, 0x4e,
  0x6f, 0x64, 0x65, 0x3c, 0x54, 0x4b, 0x3b, 0x54, 0x56, 0x3b, 0x3e, 0x3b,
  0x4c, 0x6a, 0x61, 0x76, 0x61, 0x2f, 0x75, 0x74, 0x69, 0x6c, 0x2f, 0x48,
  0x61, 0x73, 0x68, 0x4d, 0x61, 0x70, 0x24, 0x4e, 0x6f, 0x64, 0x65, 0x3c,
  0x54, 0x4b, 0x3b, 0x54, 0x56, 0x3b, 0x3e, 0x3b, 0x29, 0x4c, 0x6a, 0x61,
  0x76, 0x61, 0x2f, 0x75, 0x74, 0x69, 0x6c, 0x2f, 0x48, 0x61, 0x73, 0x68,
  0x4d, 0x61, 0x70, 0x24, 0x4e, 0x6f, 0x64, 0x65, 0x3c, 0x54, 0x4b, 0x3b,
  0x54, 0x56, 0x3b, 0x3e, 0x3b, 0x01, 0x00, 0x0b, 0x6e, 0x65, 0x77, 0x54,
  0x72, 0x65, 0x65, 0x4e, 0x6f, 0x64, 0x65, 0x01, 0x00, 0x5b, 0x28, 0x49,
  0x4c, 0x6a, 0x61, 0x76, 0x61, 0x2f, 0x6c, 0x61, 0x6e, 0x67, 0x2f, 0x4f,
  0x62, 0x6a, 0x65, 0x63, 0x74, 0x3b, 0x4c, 0x6a, 0x61, 0x76, 0x61, 0x2f,
  0x6c, 0x61, 0x6e, 0x67, 0x2f, 0x4f, 0x62, 0x6a, 0x65, 0x63, 0x74, 0x3b,
  0x4c, 0x6a, 0x61, 0x76, 0x61, 0x2f, 0x75, 0x74, 0x69, 0x6c, 0x2f, 0x48,
  0x61, 0x73, 0x68, 0x4d, 0x61, 0x70, 0x24, 0x4e, 0x6f, 0x64, 0x65, 0x3b,
  0x29, 0x4c, 0x6a, 0x61, 0x76, 0x61, 0x2f, 0x75, 0x74, 0x69, 0x6c, 0x2f,
  0x48, 0x61, 0x73, 0x68, 0x4d, 0x61, 0x70, 0x24, 0x54, 0x72, 0x65, 0x65,
  0x4e, 0x6f, 0x64, 0x65, 0x3b, 0x01, 0x00, 0x4d, 0x28, 0x49, 0x54, 0x4b,
  0x3b, 0x54, 0x56, 0x3b, 0x4c, 0x6a, 0x61, 0x76, 0x61, 0x2f, 0x75, 0x74,
  0x69, 0x6c, 0x2f, 0x48, 0x61, 0x73, 0x68, 0x4d, 0x61, 0x70, 0x24, 0x4e,
  0x6f, 0x64, 0x65, 0x3c, 0x54, 0x4b, 0x3b, 0x54, 0x56, 0x3b, 0x3e, 0x3b,
  0x29, 0x4c, 0x6a, 0x61, 0x76, 0x61, 0x2f, 0x75, 0x74, 0x69, 0x6c, 0x2f,
  0x48, 0x61, 0x73, 0x68, 0x4d, 0x61, 0x70, 0x24, 0x54, 0x72, 0x65, 0x65,
  0x4e, 0x6f, 0x64, 0x65, 0x3c, 0x54, 0x4b, 0x3b, 0x54, 0x56, 0x3b, 0x3e,
  0x3b, 0x01, 0x00, 0x66, 0x28, 0x4c, 0x6a, 0x61, 0x76, 0x61, 0x2f, 0x75,
  0x74, 0x69, 0x6c, 0x2f, 0x48, 0x61, 0x73, 0x68, 0x4d, 0x61, 0x70, 0x24,
  0x4e, 0x6f, 0x64, 0x65, 0x3c, 0x54, 0x4b, 0x3b, 0x54, 0x56, 0x3b, 0x3e,
  0x3b, 0x4c, 0x6a, 0x61, 0x76, 0x61, 0x2f, 0x75, 0x74, 0x69, 0x6c, 0x2f,
  0x48, 0x61, 0x73, 0x68, 0x4d, 0x61, 0x70, 0x24, 0x4e, 0x6f, 0x64, 0x65,
  0x3c, 0x54, 0x4b, 0x3b, 0x54, 0x56, 0x3b, 0x3e, 0x3b, 0x29, 0x4c, 0x6a,
  0x61, 0x76, 0x61, 0x2f, 0x75, 0x74, 0x69, 0x6c, 0x2f, 0x48, 0x61, 0x73,
  0x68, 0x4d, 0x61, 0x70, 0x24, 0x54, 0x72, 0x65, 0x65, 0x4e, 0x6f, 0x64,
  0x65, 0x3c, 0x54, 0x4b, 0x3b, 0x54, 0x56, 0x3b, 0x3e, 0x3b, 0x01, 0x00,
  0x23, 0x28, 0x4c, 0x6a, 0x61, 0x76, 0x61, 0x2f, 0x75, 0x74, 0x69, 0x6c,
  0x2f, 0x48, 0x61, 0x73, 0x68, 0x4d, 0x61, 0x70, 0x24, 0x4e, 0x6f, 0x64,
  0x65, 0x3c, 0x54, 0x4b, 0x3b, 0x54, 0x56, 0x3b, 0x3e, 0x3b, 0x29, 0x56,
  0x01, 0x00, 0x0b, 0x6e, 0x75, 0x6d, 0x4d, 0x61, 0x70, 0x70, 0x69, 0x6e,
  0x67, 0x73, 0x01, 0x00, 0x0a, 0x6e, 0x65, 0x77, 0x48, 0x61, 0x73, 0x68,
  0x4d, 0x61, 0x70, 0x01, 0x00, 0x16, 0x28, 0x49, 0x29, 0x4c, 0x6a, 0x61,
  0x76, 0x61, 0x2f, 0x75, 0x74, 0x69, 0x6c, 0x2f, 0x48, 0x61, 0x73, 0x68,
  0x4d, 0x61, 0x70, 0x3b, 0x01, 0x00, 0x48, 0x3c, 0x4b, 0x3a, 0x4c, 0x6a,
  0x61, 0x76, 0x61, 0x2f, 0x6c, 0x61, 0x6e, 0x67, 0x2f, 0x4f, 0x62, 0x6a,
  0x65, 0x63, 0x74, 0x3b, 0x56, 0x3a, 0x4c, 0x6a, 0x61, 0x76, 0x61, 0x2f,
  0x6c, 0x61, 0x6e, 0x67, 0x2f, 0x4f, 0x62, 0x6a, 0x65, 0x63, 0x74, 0x3b,
  0x3e, 0x28, 0x49, 0x29, 0x4c, 0x6a, 0x61, 0x76, 0x61, 0x2f, 0x75, 0x74,
  0x69, 0x6c, 0x2f, 0x48, 0x61, 0x73, 0x68, 0x4d, 0x61, 0x70, 0x3c, 0x54,
  0x4b, 0x3b, 0x54, 0x56, 0x3b, 0x3e, 0x3b, 0x01, 0x00, 0x75, 0x3c, 0x4b,
  0x3a, 0x4c, 0x6a, 0x61, 0x76, 0x61, 0x2f, 0x6c, 0x61, 0x6e, 0x67, 0x2f,
  0x4f, 0x62, 0x6a, 0x65, 0x63, 0x74, 0x3b, 0x56, 0x3a, 0x4c, 0x6a, 0x61,
  0x76, 0x61, 0x2f, 0x6c, 0x61, 0x6e, 0x67, 0x2f, 0x4f, 0x62, 0x6a, 0x65,
  0x63, 0x74, 0x3b, 0x3e, 0x4c, 0x6a, 0x61, 0x76, 0x61, 0x2f, 0x75, 0x74,
  0x69, 0x6c, 0x2f, 0x41, 0x62, 0x73, 0x74, 0x72, 0x61, 0x63, 0x74, 0x4d,
  0x61, 0x70, 0x3c, 0x54, 0x4b, 0x3b, 0x54, 0x56, 0x3b, 0x3e, 0x3b, 0x4c,
  0x6a, 0x61, 0x76, 0x61, 0x2f, 0x75, 0x74, 0x69, 0x6c, 0x2f, 0x4d, 0x61,
  0x70, 0x3c, 0x54, 0x4b, 0x3b, 0x54, 0x56, 0x3b, 0x3e, 0x3b, 0x4c, 0x6a,
  0x61, 0x76, 0x61, 0x2f, 0x6c, 0x61, 0x6e, 0x67, 0x2f, 0x43, 0x6c, 0x6f,
  0x6e, 0x65, 0x61, 0x62, 0x6c, 0x65, 0x3b, 0x01, 0x00, 0x0a, 0x53, 0x6f,
  0x75, 0x72, 0x63, 0x65, 0x46, 0x69, 0x6c, 0x65, 0x01, 0x00, 0x0c, 0x48,
  0x61, 0x73, 0x68, 0x4d, 0x61, 0x70, 0x2e, 0x6a, 0x61, 0x76, 0x61, 0x01,
  0x00, 0x0b, 0x4e, 0x65, 0x73, 0x74, 0x4d, 0x65, 0x6d, 0x62, 0x65, 0x72,
  0x73, 0x07, 0x01, 0xfc, 0x01, 0x00, 0x22, 0x6a, 0x61, 0x76, 0x61, 0x2f,
  0x75, 0x74, 0x69, 0x6c, 0x2f, 0x48, 0x61, 0x73, 0x68, 0x4d, 0x61, 0x70,
  0x24, 0x45, 0x6e, 0x74, 0x72, 0x79, 0x53, 0x70, 0x6c, 0x69, 0x74, 0x65,
  0x72, 0x61, 0x74, 0x6f, 0x72, 0x07, 0x01, 0xfe, 0x01, 0x00, 0x22, 0x6a,
  0x61, 0x76, 0x61, 0x2f, 0x75, 0x74, 0x69, 0x6c, 0x2f, 0x48, 0x61, 0x73,
  0x68, 0x4d, 0x61, 0x70, 0x24, 0x56, 0x61, 0x6c, 0x75, 0x65, 0x53, 0x70,
  0x6c, 0x69, 0x74, 0x65, 0x72, 0x61, 0x74, 0x6f, 0x72, 0x07, 0x02, 0x00,
  0x01, 0x00, 0x20, 0x6a, 0x61, 0x76, 0x61, 0x2f, 0x75, 0x74, 0x69, 0x6c,
  0x2f, 0x48, 0x61, 0x73, 0x68, 0x4d, 0x61, 0x70, 0x24, 0x4b, 0x65, 0x79,
  0x53, 0x70, 0x6c, 0x69, 0x74, 0x65, 0x72, 0x61, 0x74, 0x6f, 0x72, 0x07,
  0x02, 0x02, 0x01, 0x00, 0x24, 0x6a, 0x61, 0x76, 0x61, 0x2f, 0x75, 0x74,
  0x69, 0x6c, 0x2f, 0x48, 0x61, 0x73, 0x68, 0x4d, 0x61, 0x70, 0x24, 0x48,
  0x61, 0x73, 0x68, 0x4d, 0x61, 0x70, 0x53, 0x70, 0x6c, 0x69, 0x74, 0x65,
  0x72, 0x61, 0x74, 0x6f, 0x72, 0x07, 0x02, 0x04, 0x01, 0x00, 0x1f, 0x6a,
  0x61, 0x76, 0x61, 0x2f, 0x75, 0x74, 0x69, 0x6c, 0x2f, 0x48, 0x61, 0x73,
  0x68, 0x4d, 0x61, 0x70, 0x24, 0x45, 0x6e, 0x74, 0x72, 0x79, 0x49, 0x74,
  0x65, 0x72, 0x61, 0x74, 0x6f, 0x72, 0x07, 0x02, 0x06, 0x01, 0x00, 0x1f,
  0x6a, 0x61, 0x76, 0x61, 0x2f, 0x75, 0x74, 0x69, 0x6c, 0x2f, 0x48, 0x61,
  0x73, 0x68, 0x4d, 0x61, 0x70, 0x24, 0x56, 0x61, 0x6c, 0x75, 0x65, 0x49,
  0x74, 0x65, 0x72, 0x61, 0x74, 0x6f, 0x72, 0x07, 0x02, 0x08, 0x01, 0x00,
  0x1d, 0x6a, 0x61, 0x76, 0x61, 0x2f, 0x75, 0x74, 0x69, 0x6c, 0x2f, 0x48,
  0x61, 0x73, 0x68, 0x4d, 0x61, 0x70, 0x24, 0x4b, 0x65, 0x79, 0x49, 0x74,
  0x65, 0x72, 0x61, 0x74, 0x6f, 0x72, 0x07, 0x02, 0x0a, 0x01, 0x00, 0x1e,
  0x6a, 0x61, 0x76, 0x61, 0x2f, 0x75, 0x74, 0x69, 0x6c, 0x2f, 0x48, 0x61,
  0x73, 0x68, 0x4d, 0x61, 0x70, 0x24, 0x48, 0x61, 0x73, 0x68, 0x49, 0x74,
  0x65, 0x72, 0x61, 0x74, 0x6f, 0x72, 0x01, 0x00, 0x0c, 0x49, 0x6e, 0x6e,
  0x65, 0x72, 0x43, 0x6c, 0x61, 0x73, 0x73, 0x65, 0x73, 0x01, 0x00, 0x04,
  0x4e, 0x6f, 0x64, 0x65, 0x01, 0x00, 0x05, 0x45, 0x6e, 0x74, 0x72, 0x79,
  0x01, 0x00, 0x08, 0x54, 0x72, 0x65, 0x65, 0x4e, 0x6f, 0x64, 0x65, 0x01,
  0x00, 0x06, 0x4b, 0x65, 0x79, 0x53, 0x65, 0x74, 0x01, 0x00, 0x06, 0x56,
  0x61, 0x6c, 0x75, 0x65, 0x73, 0x01, 0x00, 0x08, 0x45, 0x6e, 0x74, 0x72,
  0x79, 0x53, 0x65, 0x74, 0x01, 0x00, 0x10, 0x45, 0x6e, 0x74, 0x72, 0x79,
  0x53, 0x70, 0x6c, 0x69, 0x74, 0x65, 0x72, 0x61, 0x74, 0x6f, 0x72, 0x01,
  0x00, 0x10, 0x56, 0x61, 0x6c, 0x75, 0x65, 0x53, 0x70, 0x6c, 0x69, 0x74,
  0x65, 0x72, 0x61, 0x74, 0x6f, 0x72, 0x01, 0x00, 0x0e, 0x4b, 0x65, 0x79,
  0x53, 0x70, 0x6c, 0x69, 0x74, 0x65, 0x72, 0x61, 0x74, 0x6f, 0x72, 0x01,
  0x00, 0x12, 0x48, 0x61, 0x73, 0x68, 0x4d, 0x61, 0x70, 0x53, 0x70, 0x6c,
  0x69, 0x74, 0x65, 0x72, 0x61, 0x74, 0x6f, 0x72, 0x01, 0x00, 0x0d, 0x45,
  0x6e, 0x74, 0x72, 0x79, 0x49, 0x74, 0x65, 0x72, 0x61, 0x74, 0x6f, 0x72,
  0x01, 0x00, 0x0d, 0x56, 0x61, 0x6c, 0x75, 0x65, 0x49, 0x74, 0x65, 0x72,
  0x61, 0x74, 0x6f, 0x72, 0x01, 0x00, 0x0b, 0x4b, 0x65, 0x79, 0x49, 0x74,
  0x65, 0x72, 0x61, 0x74, 0x6f, 0x72, 0x01, 0x00, 0x0c, 0x48, 0x61, 0x73,
  0x68, 0x49, 0x74, 0x65, 0x72, 0x61, 0x74, 0x6f, 0x72, 0x00, 0x21, 0x00,
  0x28, 0x00, 0x2c, 0x00, 0x02, 0x00, 0x65, 0x01, 0x41, 0x00, 0x0c, 0x00,
  0x18, 0x01, 0x43, 0x00, 0x5b, 0x00, 0x01, 0x01, 0x44, 0x00, 0x00, 0x00,
  0x02, 0x01, 0x45, 0x00, 0x18, 0x01, 0x46, 0x00, 0x5b, 0x00, 0x01, 0x01,
  0x44, 0x00, 0x00, 0x00, 0x02, 0x00, 0x2a, 0x00, 0x18, 0x01, 0x47, 0x00,
  0x54, 0x00, 0x01, 0x01, 0x44, 0x00, 0x00, 0x00, 0x02, 0x00, 0x5c, 0x00,
  0x18, 0x01, 0x48, 0x00, 0x5b, 0x00, 0x01, 0x01, 0x44, 0x00, 0x00, 0x00,
  0x02, 0x01, 0x49, 0x00, 0x18, 0x01, 0x4a, 0x00, 0x5b, 0x00, 0x01, 0x01,
  0x44, 0x00, 0x00, 0x00, 0x02, 0x01, 0x4b, 0x00, 0x18, 0x01, 0x4c, 0x00,
  0x5b, 0x00, 0x01, 0x01, 0x44, 0x00, 0x00, 0x00, 0x02, 0x01, 0x4d, 0x00,
  0x80, 0x00, 0x6b, 0x00, 0x6c, 0x00, 0x01, 0x01, 0x4e, 0x00, 0x00, 0x00,
  0x02, 0x01, 0x4f, 0x00, 0x80, 0x00, 0x7b, 0x00, 0xf2, 0x00, 0x01, 0x01,
  0x4e, 0x00, 0x00, 0x00, 0x02, 0x01, 0x50, 0x00, 0x80, 0x00, 0x68, 0x00,
  0x5b, 0x00, 0x00, 0x00, 0x80, 0x00, 0xcc, 0x00, 0x5b, 0x00, 0x00, 0x00,
  0x00, 0x00, 0x5a, 0x00, 0x5b, 0x00, 0x00, 0x00, 0x10, 0x00, 0x53, 0x00,
  0x54, 0x00, 0x00, 0x00, 0x35, 0x00, 0x18, 0x00, 0x97, 0x00, 0x21, 0x00,
  0x01, 0x01, 0x51, 0x00, 0x00, 0x00, 0x53, 0x00, 0x03, 0x00, 0x02, 0x00,
  0x00, 0x00, 0x14, 0x2a, 0xc7, 0x00, 0x07, 0x03, 0xa7, 0x00, 0x0e, 0x2a,
  0xb6, 0x00, 0x01, 0x59, 0x3c, 0x1b, 0x10, 0x10, 0x7c, 0x82, 0xac, 0x00,
  0x00, 0x00, 0x03, 0x01, 0x52, 0x00, 0x00, 0x00, 0x06, 0x00, 0x01, 0x00,
  0x00, 0x00, 0x44, 0x01, 0x53, 0x00, 0x00, 0x00, 0x16, 0x00, 0x02, 0x00,
  0x0e, 0x00, 0x05, 0x01, 0x54, 0x00, 0x5b, 0x00, 0x01, 0x00, 0x00, 0x00,
  0x14, 0x00, 0xac, 0x00, 0xa7, 0x00, 0x00, 0x01, 0x55, 0x00, 0x00, 0x00,
  0x05, 0x00, 0x02, 0x08, 0x4a, 0x01, 0x00, 0x08, 0x01, 0x56, 0x01, 0x57,
  0x00, 0x02, 0x01, 0x51, 0x00, 0x00, 0x01, 0x3b, 0x00, 0x02, 0x00, 0x09,
  0x00, 0x00, 0x00, 0x73, 0x2a, 0xc1, 0x00, 0x07, 0x99, 0x00, 0x6d, 0x2a,
  0xb6, 0x00, 0x09, 0x59, 0x4c, 0x12, 0x0d, 0xa6, 0x00, 0x05, 0x2b, 0xb0,
  0x2b, 0xb6, 0x00, 0x0f, 0x59, 0x4d, 0xc6, 0x00, 0x57, 0x2c, 0x3a, 0x05,
  0x19, 0x05, 0xbe, 0x36, 0x06, 0x03, 0x36, 0x07, 0x15, 0x07, 0x15, 0x06,
  0xa2, 0x00, 0x45, 0x19, 0x05, 0x15, 0x07, 0x32, 0x3a, 0x08, 0x19, 0x08,
  0xc1, 0x00, 0x15, 0x99, 0x00, 0x30, 0x19, 0x08, 0xc0, 0x00, 0x15, 0x59,
  0x3a, 0x04, 0xb9, 0x00, 0x17, 0x01, 0x00, 0x12, 0x07, 0xa6, 0x00, 0x1e,
  0x19, 0x04, 0xb9, 0x00, 0x1b, 0x01, 0x00, 0x59, 0x4e, 0xc6, 0x00, 0x12,
  0x2d, 0xbe, 0x04, 0xa0, 0x00, 0x0c, 0x2d, 0x03, 0x32, 0x2b, 0xa6, 0x00,
  0x05, 0x2b, 0xb0, 0x84, 0x07, 0x01, 0xa7, 0xff, 0xba, 0x01, 0xb0, 0x00,
  0x00, 0x00, 0x04, 0x01, 0x52, 0x00, 0x00, 0x00, 0x2e, 0x00, 0x0b, 0x00,
  0x00, 0x00, 0x48, 0x00, 0x07, 0x00, 0x4c, 0x00, 0x12, 0x00, 0x4d, 0x00,
  0x14, 0x00, 0x4e, 0x00, 0x1d, 0x00, 0x4f, 0x00, 0x36, 0x00, 0x50, 0x00,
  0x46, 0x00, 0x52, 0x00, 0x52, 0x00, 0x53, 0x00, 0x69, 0x00, 0x56, 0x00,
  0x6b, 0x00, 0x4f, 0x00, 0x71, 0x00, 0x5b, 0x01, 0x53, 0x00, 0x00, 0x00,
  0x3e, 0x00, 0x06, 0x00, 0x59, 0x00, 0x12, 0x01, 0x58, 0x01, 0x59, 0x00,
  0x03, 0x00, 0x46, 0x00, 0x25, 0x01, 0x5a, 0x01, 0x5b, 0x00, 0x04, 0x00,
  0x36, 0x00, 0x35, 0x01, 0x5c, 0x01, 0x5d, 0x00, 0x08, 0x00, 0x0d, 0x00,
  0x64, 0x01, 0x5e, 0x01, 0x5f, 0x00, 0x01, 0x00, 0x1a, 0x00, 0x57, 0x01,
  0x60, 0x01, 0x59, 0x00, 0x02, 0x00, 0x00, 0x00, 0x73, 0x01, 0x61, 0x00,
  0xa7, 0x00, 0x00, 0x01, 0x62, 0x00, 0x00, 0x00, 0x0c, 0x00, 0x01, 0x00,
  0x0d, 0x00, 0x64, 0x01, 0x5e, 0x01, 0x63, 0x00, 0x01, 0x01, 0x55, 0x00,
  0x00, 0x00, 0x2c, 0x00, 0x04, 0xfc, 0x00, 0x14, 0x07, 0x00, 0x10, 0xff,
  0x00, 0x13, 0x00, 0x08, 0x07, 0x00, 0x02, 0x07, 0x00, 0x10, 0x07, 0x01,
  0x64, 0x00, 0x00, 0x07, 0x01, 0x64, 0x01, 0x01, 0x00, 0x00, 0xfb, 0x00,
  0x42, 0xff, 0x00, 0x05, 0x00, 0x01, 0x07, 0x00, 0x02, 0x00, 0x00, 0x01,
  0x4e, 0x00, 0x00, 0x00, 0x02, 0x01, 0x65, 0x00, 0x08, 0x01, 0x66, 0x01,
  0x67, 0x00, 0x02, 0x01, 0x51, 0x00, 0x00, 0x00, 0x7f, 0x00, 0x02, 0x00,
  0x03, 0x00, 0x00, 0x00, 0x1b, 0x2c, 0xc6, 0x00, 0x0b, 0x2c, 0xb6, 0x00,
  0x09, 0x2a, 0xa5, 0x00, 0x07, 0x03, 0xa7, 0x00, 0x0d, 0x2b, 0xc0, 0x00,
  0x07, 0x2c, 0xb9, 0x00, 0x1e, 0x02, 0x00, 0xac, 0x00, 0x00, 0x00, 0x04,
  0x01, 0x52, 0x00, 0x00, 0x00, 0x0e, 0x00, 0x03, 0x00, 0x00, 0x00, 0x60,
  0x00, 0x10, 0x00, 0x61, 0x00, 0x1a, 0x00, 0x60, 0x01, 0x53, 0x00, 0x00,
  0x00, 0x20, 0x00, 0x03, 0x00, 0x00, 0x00, 0x1b, 0x01, 0x68, 0x01, 0x5f,
  0x00, 0x00, 0x00, 0x00, 0x00, 0x1b, 0x01, 0x69, 0x00, 0xa7, 0x00, 0x01,
  0x00, 0x00, 0x00, 0x1b, 0x01, 0x61, 0x00, 0xa7, 0x00, 0x02, 0x01, 0x62,
  0x00, 0x00, 0x00, 0x0c, 0x00, 0x01, 0x00, 0x00, 0x00, 0x1b, 0x01, 0x68,
  0x01, 0x63, 0x00, 0x00, 0x01, 0x55, 0x00, 0x00, 0x00, 0x06, 0x00, 0x03,
  0x0c, 0x03, 0x49, 0x01, 0x01, 0x4e, 0x00, 0x00, 0x00, 0x02, 0x01, 0x6a,
  0x00, 0x18, 0x00, 0x57, 0x00, 0x27, 0x00, 0x01, 0x01, 0x51, 0x00, 0x00,
  0x00, 0x67, 0x00, 0x03, 0x00, 0x02, 0x00, 0x00, 0x00, 0x20, 0x02, 0x1a,
  0x04, 0x64, 0xb8, 0x00, 0x22, 0x7c, 0x3c, 0x1b, 0x9c, 0x00, 0x07, 0x04,
  0xa7, 0x00, 0x11, 0x1b, 0x12, 0x2a, 0xa1, 0x00, 0x08, 0x12, 0x2a, 0xa7,
  0x00, 0x06, 0x1b, 0x04, 0x60, 0xac, 0x00, 0x00, 0x00, 0x03, 0x01, 0x52,
  0x00, 0x00, 0x00, 0x0a, 0x00, 0x02, 0x00, 0x00, 0x00, 0x65, 0x00, 0x09,
  0x00, 0x66, 0x01, 0x53, 0x00, 0x00, 0x00, 0x16, 0x00, 0x02, 0x00, 0x00,
  0x00, 0x20, 0x01, 0x6b, 0x00, 0x5b, 0x00, 0x00, 0x00, 0x09, 0x00, 0x17,
  0x01, 0x6c, 0x00, 0x5b, 0x00, 0x01, 0x01, 0x55, 0x00, 0x00, 0x00, 0x09,
  0x00, 0x03, 0xfc, 0x00, 0x11, 0x01, 0x0a, 0x42, 0x01, 0x00, 0x01, 0x00,
  0x2f, 0x00, 0x5f, 0x00, 0x01, 0x01, 0x51, 0x00, 0x00, 0x00, 0xed, 0x00,
  0x04, 0x00, 0x03, 0x00, 0x00, 0x00, 0x62, 0x2a, 0xb7, 0x00, 0x2b, 0x1b,
  0x9c, 0x00, 0x1e, 0xbb, 0x00, 0x31, 0x59, 0xbb, 0x00, 0x33, 0x59, 0xb7,
  0x00, 0x35, 0x12, 0x36, 0xb6, 0x00, 0x38, 0x1b, 0xb6, 0x00, 0x3c, 0xb6,
  0x00, 0x3f, 0xb7, 0x00, 0x43, 0xbf, 0x1b, 0x12, 0x2a, 0xa4, 0x00, 0x06,
  0x12, 0x2a, 0x3c, 0x24, 0x0b, 0x96, 0x9e, 0x00, 0x0a, 0x24, 0xb8, 0x00,
  0x46, 0x99, 0x00, 0x1e, 0xbb, 0x00, 0x31, 0x59, 0xbb, 0x00, 0x33, 0x59,
  0xb7, 0x00, 0x35, 0x12, 0x4c, 0xb6, 0x00, 0x38, 0x24, 0xb6, 0x00, 0x4e,
  0xb6, 0x00, 0x3f, 0xb7, 0x00, 0x43, 0xbf, 0x2a, 0x24, 0xb5, 0x00, 0x51,
  0x2a, 0x1b, 0xb8, 0x00, 0x55, 0xb5, 0x00, 0x58, 0xb1, 0x00, 0x00, 0x00,
  0x04, 0x01, 0x52, 0x00, 0x00, 0x00, 0x2a, 0x00, 0x0a, 0x00, 0x00, 0x00,
  0x75, 0x00, 0x04, 0x00, 0x76, 0x00, 0x08, 0x00, 0x77, 0x00, 0x23, 0x00,
  0x78, 0x00, 0x29, 0x00, 0x79, 0x00, 0x2c, 0x00, 0x7a, 0x00, 0x39, 0x00,
  0x7b, 0x00, 0x54, 0x00, 0x7c, 0x00, 0x59, 0x00, 0x7d, 0x00, 0x61, 0x00,
  0x7e, 0x01, 0x53, 0x00, 0x00, 0x00, 0x20, 0x00, 0x03, 0x00, 0x00, 0x00,
  0x62, 0x01, 0x6d, 0x01, 0x6e, 0x00, 0x00, 0x00, 0x00, 0x00, 0x62, 0x01,
  0x6f, 0x00, 0x5b, 0x00, 0x01, 0x00, 0x00, 0x00, 0x62, 0x00, 0x53, 0x00,
  0x54, 0x00, 0x02, 0x01, 0x62, 0x00, 0x00, 0x00, 0x0c, 0x00, 0x01, 0x00,
  0x00, 0x00, 0x62, 0x01, 0x6d, 0x01, 0x70, 0x00, 0x00, 0x01, 0x55, 0x00,
  0x00, 0x00, 0x11, 0x00, 0x04, 0xff, 0x00, 0x23, 0x00, 0x03, 0x07, 0x00,
  0x28, 0x01, 0x02, 0x00, 0x00, 0x08, 0x0c, 0x1a, 0x00, 0x01, 0x00, 0x2f,
  0x01, 0x40, 0x00, 0x01, 0x01, 0x51, 0x00, 0x00, 0x00, 0x52, 0x00, 0x03,
  0x00, 0x02, 0x00, 0x00, 0x00, 0x08, 0x2a, 0x1b, 0x12, 0x5c, 0xb7, 0x00,
  0x5d, 0xb1, 0x00, 0x00, 0x00, 0x03, 0x01, 0x52, 0x00, 0x00, 0x00, 0x0a,
  0x00, 0x02, 0x00, 0x00, 0x00, 0x81, 0x00, 0x07, 0x00, 0x82, 0x01, 0x53,
  0x00, 0x00, 0x00, 0x16, 0x00, 0x02, 0x00, 0x00, 0x00, 0x08, 0x01, 0x6d,
  0x01, 0x6e, 0x00, 0x00, 0x00, 0x00, 0x00, 0x08, 0x01, 0x6f, 0x00, 0x5b,
  0x00, 0x01, 0x01, 0x62, 0x00, 0x00, 0x00, 0x0c, 0x00, 0x01, 0x00, 0x00,
  0x00, 0x08, 0x01, 0x6d, 0x01, 0x70, 0x00, 0x00, 0x00, 0x01, 0x00, 0x2f,
  0x00, 0x30, 0x00, 0x01, 0x01, 0x51, 0x00, 0x00, 0x00, 0x4f, 0x00, 0x02,
  0x00, 0x01, 0x00, 0x00, 0x00, 0x0b, 0x2a, 0xb7, 0x00, 0x2b, 0x2a, 0x12,
  0x5c, 0xb5, 0x00, 0x51, 0xb1, 0x00, 0x00, 0x00, 0x03, 0x01, 0x52, 0x00,
  0x00, 0x00, 0x0e, 0x00, 0x03, 0x00, 0x00, 0x00, 0x84, 0x00, 0x04, 0x00,
  0x85, 0x00, 0x0a, 0x00, 0x86, 0x01, 0x53, 0x00, 0x00, 0x00, 0x0c, 0x00,
  0x01, 0x00, 0x00, 0x00, 0x0b, 0x01, 0x6d, 0x01, 0x6e, 0x00, 0x00, 0x01,
  0x62, 0x00, 0x00, 0x00, 0x0c, 0x00, 0x01, 0x00, 0x00, 0x00, 0x0b, 0x01,
  0x6d, 0x01, 0x70, 0x00, 0x00, 0x00, 0x01, 0x00, 0x2f, 0x01, 0x71, 0x00,
  0x02, 0x01, 0x51, 0x00, 0x00, 0x00, 0x6d, 0x00, 0x03, 0x00, 0x02, 0x00,
  0x00, 0x00, 0x11, 0x2a, 0xb7, 0x00, 0x2b, 0x2a, 0x12, 0x5c, 0xb5, 0x00,
  0x51, 0x2a, 0x2b, 0x03, 0xb6, 0x00, 0x60, 0xb1, 0x00, 0x00, 0x00, 0x03,
  0x01, 0x52, 0x00, 0x00, 0x00, 0x12, 0x00, 0x04, 0x00, 0x00, 0x00, 0x89,
  0x00, 0x04, 0x00, 0x8a, 0x00, 0x0a, 0x00, 0x8b, 0x00, 0x10, 0x00, 0x8c,
  0x01, 0x53, 0x00, 0x00, 0x00, 0x16, 0x00, 0x02, 0x00, 0x00, 0x00, 0x11,
  0x01, 0x6d, 0x01, 0x6e, 0x00, 0x00, 0x00, 0x00, 0x00, 0x11, 0x01, 0x72,
  0x01, 0x73, 0x00, 0x01, 0x01, 0x62, 0x00, 0x00, 0x00, 0x16, 0x00, 0x02,
  0x00, 0x00, 0x00, 0x11, 0x01, 0x6d, 0x01, 0x70, 0x00, 0x00, 0x00, 0x00,
  0x00, 0x11, 0x01, 0x72, 0x01, 0x74, 0x00, 0x01, 0x01, 0x4e, 0x00, 0x00,
  0x00, 0x02, 0x01, 0x75, 0x00, 0x10, 0x00, 0x62, 0x00, 0x63, 0x00, 0x02,
  0x01, 0x51, 0x00, 0x00, 0x01, 0xb7, 0x00, 0x06, 0x00, 0x08, 0x00, 0x00,
  0x00, 0xaa, 0x2b, 0xb9, 0x00, 0x64, 0x01, 0x00, 0x3e, 0x1d, 0x9e, 0x00,
  0xa1, 0x2a, 0xb4, 0x00, 0x69, 0xc7, 0x00, 0x38, 0x1d, 0x87, 0x2a, 0xb4,
  0x00, 0x51, 0x8d, 0x6f, 0xb8, 0x00, 0x6d, 0x39, 0x04, 0x18, 0x04, 0x14,
  0x00, 0x73, 0x98, 0x9c, 0x00, 0x09, 0x18, 0x04, 0x8e, 0xa7, 0x00, 0x05,
  0x12, 0x2a, 0x36, 0x06, 0x15, 0x06, 0x2a, 0xb4, 0x00, 0x58, 0xa4, 0x00,
  0x0c, 0x2a, 0x15, 0x06, 0xb8, 0x00, 0x55, 0xb5, 0x00, 0x58, 0xa7, 0x00,
  0x1d, 0x1d, 0x2a, 0xb4, 0x00, 0x58, 0xa4, 0x00, 0x15, 0x2a, 0xb4, 0x00,
  0x69, 0xbe, 0x12, 0x2a, 0xa2, 0x00, 0x0b, 0x2a, 0xb6, 0x00, 0x75, 0x57,
  0xa7, 0xff, 0xe9, 0x2b, 0xb9, 0x00, 0x79, 0x01, 0x00, 0xb9, 0x00, 0x7d,
  0x01, 0x00, 0x3a, 0x04, 0x19, 0x04, 0xb9, 0x00, 0x83, 0x01, 0x00, 0x99,
  0x00, 0x34, 0x19, 0x04, 0xb9, 0x00, 0x89, 0x01, 0x00, 0xc0, 0x00, 0x8d,
  0x3a, 0x05, 0x19, 0x05, 0xb9, 0x00, 0x8f, 0x01, 0x00, 0x3a, 0x06, 0x19,
  0x05, 0xb9, 0x00, 0x92, 0x01, 0x00, 0x3a, 0x07, 0x2a, 0x19, 0x06, 0xb8,
  0x00, 0x95, 0x19, 0x06, 0x19, 0x07, 0x03, 0x1c, 0xb6, 0x00, 0x98, 0x57,
  0xa7, 0xff, 0xc8, 0xb1, 0x00, 0x00, 0x00, 0x04, 0x01, 0x52, 0x00, 0x00,
  0x00, 0x42, 0x00, 0x10, 0x00, 0x00, 0x00, 0x8f, 0x00, 0x07, 0x00, 0x90,
  0x00, 0x0b, 0x00, 0x91, 0x00, 0x12, 0x00, 0x92, 0x00, 0x1f, 0x00, 0x93,
  0x00, 0x32, 0x00, 0x94, 0x00, 0x3b, 0x00, 0x95, 0x00, 0x44, 0x00, 0x96,
  0x00, 0x47, 0x00, 0x98, 0x00, 0x59, 0x00, 0x99, 0x00, 0x61, 0x00, 0x9c,
  0x00, 0x84, 0x00, 0x9d, 0x00, 0x8d, 0x00, 0x9e, 0x00, 0x96, 0x00, 0x9f,
  0x00, 0xa6, 0x00, 0xa0, 0x00, 0xa9, 0x00, 0xa2, 0x01, 0x53, 0x00, 0x00,
  0x00, 0x5c, 0x00, 0x09, 0x00, 0x1f, 0x00, 0x25, 0x01, 0x76, 0x01, 0x77,
  0x00, 0x04, 0x00, 0x32, 0x00, 0x12, 0x01, 0x5c, 0x00, 0x5b, 0x00, 0x06,
  0x00, 0x8d, 0x00, 0x19, 0x00, 0xac, 0x00, 0xa7, 0x00, 0x06, 0x00, 0x96,
  0x00, 0x10, 0x00, 0xa6, 0x00, 0xa7, 0x00, 0x07, 0x00, 0x84, 0x00, 0x22,
  0x01, 0x78, 0x01, 0x79, 0x00, 0x05, 0x00, 0x00, 0x00, 0xaa, 0x01, 0x6d,
  0x01, 0x6e, 0x00, 0x00, 0x00, 0x00, 0x00, 0xaa, 0x01, 0x72, 0x01, 0x73,
  0x00, 0x01, 0x00, 0x00, 0x00, 0xaa, 0x01, 0x7a, 0x01, 0x7b, 0x00, 0x02,
  0x00, 0x07, 0x00, 0xa3, 0x01, 0x7c, 0x00, 0x5b, 0x00, 0x03, 0x01, 0x62,
  0x00, 0x00, 0x00, 0x34, 0x00, 0x05, 0x00, 0x8d, 0x00, 0x19, 0x00, 0xac,
  0x01, 0x7d, 0x00, 0x06, 0x00, 0x96, 0x00, 0x10, 0x00, 0xa6, 0x01, 0x7e,
  0x00, 0x07, 0x00, 0x84, 0x00, 0x22, 0x01, 0x78, 0x01, 0x7f, 0x00, 0x05,
  0x00, 0x00, 0x00, 0xaa, 0x01, 0x6d, 0x01, 0x70, 0x00, 0x00, 0x00, 0x00,
  0x00, 0xaa, 0x01, 0x72, 0x01, 0x74, 0x00, 0x01, 0x01, 0x55, 0x00, 0x00,
  0x00, 0x17, 0x00, 0x07, 0xfd, 0x00, 0x2e, 0x01, 0x03, 0x41, 0x01, 0xfa,
  0x00, 0x13, 0x02, 0x19, 0xfc, 0x00, 0x0c, 0x07, 0x00, 0x84, 0xfa, 0x00,
  0x3a, 0x01, 0x4e, 0x00, 0x00, 0x00, 0x02, 0x01, 0x80, 0x00, 0x01, 0x00,
  0x68, 0x00, 0x06, 0x00, 0x01, 0x01, 0x51, 0x00, 0x00, 0x00, 0x41, 0x00,
  0x01, 0x00, 0x01, 0x00, 0x00, 0x00, 0x05, 0x2a, 0xb4, 0x00, 0x9c, 0xac,
  0x00, 0x00, 0x00, 0x03, 0x01, 0x52, 0x00, 0x00, 0x00, 0x06, 0x00, 0x01,
  0x00, 0x00, 0x00, 0xa5, 0x01, 0x53, 0x00, 0x00, 0x00, 0x0c, 0x00, 0x01,
  0x00, 0x00, 0x00, 0x05, 0x01, 0x6d, 0x01, 0x6e, 0x00, 0x00, 0x01, 0x62,
  0x00, 0x00, 0x00, 0x0c, 0x00, 0x01, 0x00, 0x00, 0x00, 0x05, 0x01, 0x6d,
  0x01, 0x70, 0x00, 0x00, 0x00, 0x01, 0x01, 0x81, 0x00, 0x88, 0x00, 0x01,
  0x01, 0x51, 0x00, 0x00, 0x00, 0x54, 0x00, 0x01, 0x00, 0x01, 0x00, 0x00,
  0x00, 0x0d, 0x2a, 0xb4, 0x00, 0x9c, 0x9a, 0x00, 0x07, 0x04, 0xa7, 0x00,
  0x04, 0x03, 0xac, 0x00, 0x00, 0x00, 0x04, 0x01, 0x52, 0x00, 0x00, 0x00,
  0x06, 0x00, 0x01, 0x00, 0x00, 0x00, 0xa9, 0x01, 0x53, 0x00, 0x00, 0x00,
  0x0c, 0x00, 0x01, 0x00, 0x00, 0x00, 0x0d, 0x01, 0x6d, 0x01, 0x6e, 0x00,
  0x00, 0x01, 0x62, 0x00, 0x00, 0x00, 0x0c, 0x00, 0x01, 0x00, 0x00, 0x00,
  0x0d, 0x01, 0x6d, 0x01, 0x70, 0x00, 0x00, 0x01, 0x55, 0x00, 0x00, 0x00,
  0x05, 0x00, 0x02, 0x0b, 0x40, 0x01, 0x00, 0x01, 0x01, 0x82, 0x01, 0x17,
  0x00, 0x02, 0x01, 0x51, 0x00, 0x00, 0x00, 0x7f, 0x00, 0x02, 0x00, 0x03,
  0x00, 0x00, 0x00, 0x13, 0x2a, 0x2b, 0xb6, 0x00, 0x9e, 0x59, 0x4d, 0xc7,
  0x00, 0x07, 0x01, 0xa7, 0x00, 0x07, 0x2c, 0xb4, 0x00, 0xa2, 0xb0, 0x00,
  0x00, 0x00, 0x04, 0x01, 0x52, 0x00, 0x00, 0x00, 0x06, 0x00, 0x01, 0x00,
  0x00, 0x00, 0xae, 0x01, 0x53, 0x00, 0x00, 0x00, 0x20, 0x00, 0x03, 0x00,
  0x00, 0x00, 0x13, 0x01, 0x6d, 0x01, 0x6e, 0x00, 0x00, 0x00, 0x00, 0x00,
  0x13, 0x00, 0xac, 0x00, 0xa7, 0x00, 0x01, 0x00, 0x07, 0x00, 0x0c, 0x01,
  0x78, 0x00, 0xb3, 0x00, 0x02, 0x01, 0x62, 0x00, 0x00, 0x00, 0x16, 0x00,
  0x02, 0x00, 0x00, 0x00, 0x13, 0x01, 0x6d, 0x01, 0x70, 0x00, 0x00, 0x00,
  0x07, 0x00, 0x0c, 0x01, 0x78, 0x01, 0x83, 0x00, 0x02, 0x01, 0x55, 0x00,
  0x00, 0x00, 0x0c, 0x00, 0x02, 0xfc, 0x00, 0x0e, 0x07, 0x00, 0xa3, 0x43,
  0x07, 0x00, 0x02, 0x01, 0x4e, 0x00, 0x00, 0x00, 0x02, 0x01, 0x84, 0x00,
  0x10, 0x00, 0xa0, 0x00, 0xa1, 0x00, 0x02, 0x01, 0x51, 0x00, 0x00, 0x01,
  0xcd, 0x00, 0x04, 0x00, 0x08, 0x00, 0x00, 0x00, 0x96, 0x2a, 0xb4, 0x00,
  0x69, 0x59, 0x4d, 0xc6, 0x00, 0x8e, 0x2c, 0xbe, 0x59, 0x36, 0x05, 0x9e,
  0x00, 0x86, 0x2c, 0x15, 0x05, 0x04, 0x64, 0x2b, 0xb8, 0x00, 0x95, 0x59,
  0x36, 0x06, 0x7e, 0x32, 0x59, 0x4e, 0xc6, 0x00, 0x73, 0x2d, 0xb4, 0x00,
  0xa8, 0x15, 0x06, 0xa0, 0x00, 0x1d, 0x2d, 0xb4, 0x00, 0xaa, 0x59, 0x3a,
  0x07, 0x2b, 0xa5, 0x00, 0x10, 0x2b, 0xc6, 0x00, 0x0e, 0x2b, 0x19, 0x07,
  0xb6, 0x00, 0xad, 0x99, 0x00, 0x05, 0x2d, 0xb0, 0x2d, 0xb4, 0x00, 0xb1,
  0x59, 0x3a, 0x04, 0xc6, 0x00, 0x46, 0x2d, 0xc1, 0x00, 0xb4, 0x99, 0x00,
  0x0e, 0x2d, 0xc0, 0x00, 0xb4, 0x15, 0x06, 0x2b, 0xb6, 0x00, 0xb6, 0xb0,
  0x19, 0x04, 0xb4, 0x00, 0xa8, 0x15, 0x06, 0xa0, 0x00, 0x1f, 0x19, 0x04,
  0xb4, 0x00, 0xaa, 0x59, 0x3a, 0x07, 0x2b, 0xa5, 0x00, 0x10, 0x2b, 0xc6,
  0x00, 0x0f, 0x2b, 0x19, 0x07, 0xb6, 0x00, 0xad, 0x99, 0x00, 0x06, 0x19,
  0x04, 0xb0, 0x19, 0x04, 0xb4, 0x00, 0xb1, 0x59, 0x3a, 0x04, 0xc7, 0xff,
  0xd2, 0x01, 0xb0, 0x00, 0x00, 0x00, 0x04, 0x01, 0x52, 0x00, 0x00, 0x00,
  0x2a, 0x00, 0x0a, 0x00, 0x00, 0x00, 0xb3, 0x00, 0x24, 0x00, 0xb4, 0x00,
  0x45, 0x00, 0xb5, 0x00, 0x47, 0x00, 0xb6, 0x00, 0x51, 0x00, 0xb7, 0x00,
  0x58, 0x00, 0xb8, 0x00, 0x63, 0x00, 0xba, 0x00, 0x86, 0x00, 0xbb, 0x00,
  0x89, 0x00, 0xbc, 0x00, 0x94, 0x00, 0xbf, 0x01, 0x53, 0x00, 0x00, 0x00,
  0x5c, 0x00, 0x09, 0x00, 0x34, 0x00, 0x13, 0x01, 0x69, 0x00, 0xa7, 0x00,
  0x07, 0x00, 0x75, 0x00, 0x14, 0x01, 0x69, 0x00, 0xa7, 0x00, 0x07, 0x00,
  0x21, 0x00, 0x73, 0x01, 0x85, 0x00, 0xb3, 0x00, 0x03, 0x00, 0x4e, 0x00,
  0x46, 0x01, 0x78, 0x00, 0xb3, 0x00, 0x04, 0x00, 0x0e, 0x00, 0x86, 0x01,
  0x6c, 0x00, 0x5b, 0x00, 0x05, 0x00, 0x1d, 0x00, 0x77, 0x00, 0x97, 0x00,
  0x5b, 0x00, 0x06, 0x00, 0x00, 0x00, 0x96, 0x01, 0x6d, 0x01, 0x6e, 0x00,
  0x00, 0x00, 0x00, 0x00, 0x96, 0x00, 0xac, 0x00, 0xa7, 0x00, 0x01, 0x00,
  0x06, 0x00, 0x90, 0x01, 0x86, 0x00, 0x6c, 0x00, 0x02, 0x01, 0x62, 0x00,
  0x00, 0x00, 0x3e, 0x00, 0x06, 0x00, 0x34, 0x00, 0x13, 0x01, 0x69, 0x01,
  0x7d, 0x00, 0x07, 0x00, 0x75, 0x00, 0x14, 0x01, 0x69, 0x01, 0x7d, 0x00,
  0x07, 0x00, 0x21, 0x00, 0x73, 0x01, 0x85, 0x01, 0x83, 0x00, 0x03, 0x00,
  0x4e, 0x00, 0x46, 0x01, 0x78, 0x01, 0x83, 0x00, 0x04, 0x00, 0x00, 0x00,
  0x96, 0x01, 0x6d, 0x01, 0x70, 0x00, 0x00, 0x00, 0x06, 0x00, 0x90, 0x01,
  0x86, 0x01, 0x4f, 0x00, 0x02, 0x01, 0x55, 0x00, 0x00, 0x00, 0x4f, 0x00,
  0x06, 0xff, 0x00, 0x45, 0x00, 0x08, 0x07, 0x00, 0x28, 0x07, 0x00, 0x02,
  0x07, 0x01, 0x87, 0x07, 0x00, 0xa3, 0x00, 0x01, 0x01, 0x07, 0x00, 0x02,
  0x00, 0x00, 0xfa, 0x00, 0x01, 0xff, 0x00, 0x1b, 0x00, 0x07, 0x07, 0x00,
  0x28, 0x07, 0x00, 0x02, 0x07, 0x01, 0x87, 0x07, 0x00, 0xa3, 0x07, 0x00,
  0xa3, 0x01, 0x01, 0x00, 0x00, 0xfc, 0x00, 0x22, 0x07, 0x00, 0x02, 0xfa,
  0x00, 0x02, 0xff, 0x00, 0x0a, 0x00, 0x03, 0x07, 0x00, 0x28, 0x07, 0x00,
  0x02, 0x07, 0x01, 0x87, 0x00, 0x00, 0x01, 0x4e, 0x00, 0x00, 0x00, 0x02,
  0x01, 0x88, 0x00, 0x01, 0x01, 0x89, 0x00, 0xb0, 0x00, 0x01, 0x01, 0x51,
  0x00, 0x00, 0x00, 0x5f, 0x00, 0x02, 0x00, 0x02, 0x00, 0x00, 0x00, 0x0e,
  0x2a, 0x2b, 0xb6, 0x00, 0x9e, 0xc6, 0x00, 0x07, 0x04, 0xa7, 0x00, 0x04,
  0x03, 0xac, 0x00, 0x00, 0x00, 0x04, 0x01, 0x52, 0x00, 0x00, 0x00, 0x06,
  0x00, 0x01, 0x00, 0x00, 0x00, 0xc3, 0x01, 0x53, 0x00, 0x00, 0x00, 0x16,
  0x00, 0x02, 0x00, 0x00, 0x00, 0x0e, 0x01, 0x6d, 0x01, 0x6e, 0x00, 0x00,
  0x00, 0x00, 0x00, 0x0e, 0x00, 0xac, 0x00, 0xa7, 0x00, 0x01, 0x01, 0x62,
  0x00, 0x00, 0x00, 0x0c, 0x00, 0x01, 0x00, 0x00, 0x00, 0x0e, 0x01, 0x6d,
  0x01, 0x70, 0x00, 0x00, 0x01, 0x55, 0x00, 0x00, 0x00, 0x05, 0x00, 0x02,
  0x0c, 0x40, 0x01, 0x00, 0x01, 0x01, 0x8a, 0x01, 0x1f, 0x00, 0x02, 0x01,
  0x51, 0x00, 0x00, 0x00, 0x71, 0x00, 0x06, 0x00, 0x03, 0x00, 0x00, 0x00,
  0x0d, 0x2a, 0x2b, 0xb8, 0x00, 0x95, 0x2b, 0x2c, 0x03, 0x04, 0xb6, 0x00,
  0x98, 0xb0, 0x00, 0x00, 0x00, 0x03, 0x01, 0x52, 0x00, 0x00, 0x00, 0x06,
  0x00, 0x01, 0x00, 0x00, 0x00, 0xc7, 0x01, 0x53, 0x00, 0x00, 0x00, 0x20,
  0x00, 0x03, 0x00, 0x00, 0x00, 0x0d, 0x01, 0x6d, 0x01, 0x6e, 0x00, 0x00,
  0x00, 0x00, 0x00, 0x0d, 0x00, 0xac, 0x00, 0xa7, 0x00, 0x01, 0x00, 0x00,
  0x00, 0x0d, 0x00, 0xa6, 0x00, 0xa7, 0x00, 0x02, 0x01, 0x62, 0x00, 0x00,
  0x00, 0x20, 0x00, 0x03, 0x00, 0x00, 0x00, 0x0d, 0x01, 0x6d, 0x01, 0x70,
  0x00, 0x00, 0x00, 0x00, 0x00, 0x0d, 0x00, 0xac, 0x01, 0x7d, 0x00, 0x01,
  0x00, 0x00, 0x00, 0x0d, 0x00, 0xa6, 0x01, 0x7e, 0x00, 0x02, 0x01, 0x4e,
  0x00, 0x00, 0x00, 0x02, 0x01, 0x8b, 0x00, 0x10, 0x00, 0x9a, 0x00, 0x9b,
  0x00, 0x02, 0x01, 0x51, 0x00, 0x00, 0x03, 0x51, 0x00, 0x07, 0x00, 0x0d,
  0x00, 0x00, 0x01, 0x2c, 0x2a, 0xb4, 0x00, 0x69, 0x59, 0x3a, 0x06, 0xc6,
  0x00, 0x0c, 0x19, 0x06, 0xbe, 0x59, 0x36, 0x08, 0x9a, 0x00, 0x0d, 0x2a,
  0xb6, 0x00, 0x75, 0x59, 0x3a, 0x06, 0xbe, 0x36, 0x08, 0x19, 0x06, 0x15,
  0x08, 0x04, 0x64, 0x1b, 0x7e, 0x59, 0x36, 0x09, 0x32, 0x59, 0x3a, 0x07,
  0xc7, 0x00, 0x13, 0x19, 0x06, 0x15, 0x09, 0x2a, 0x1b, 0x2c, 0x2d, 0x01,
  0xb6, 0x00, 0xba, 0x53, 0xa7, 0x00, 0xc7, 0x19, 0x07, 0xb4, 0x00, 0xa8,
  0x1b, 0xa0, 0x00, 0x23, 0x19, 0x07, 0xb4, 0x00, 0xaa, 0x59, 0x3a, 0x0b,
  0x2c, 0xa5, 0x00, 0x10, 0x2c, 0xc6, 0x00, 0x13, 0x2c, 0x19, 0x0b, 0xb6,
  0x00, 0xad, 0x99, 0x00, 0x0a, 0x19, 0x07, 0x3a, 0x0a, 0xa7, 0x00, 0x79,
  0x19, 0x07, 0xc1, 0x00, 0xb4, 0x99, 0x00, 0x16, 0x19, 0x07, 0xc0, 0x00,
  0xb4, 0x2a, 0x19, 0x06, 0x1b, 0x2c, 0x2d, 0xb6, 0x00, 0xbe, 0x3a, 0x0a,
  0xa7, 0x00, 0x5e, 0x03, 0x36, 0x0c, 0x19, 0x07, 0xb4, 0x00, 0xb1, 0x59,
  0x3a, 0x0a, 0xc7, 0x00, 0x21, 0x19, 0x07, 0x2a, 0x1b, 0x2c, 0x2d, 0x01,
  0xb6, 0x00, 0xba, 0xb5, 0x00, 0xb1, 0x15, 0x0c, 0x10, 0x07, 0xa1, 0x00,
  0x3c, 0x2a, 0x19, 0x06, 0x1b, 0xb6, 0x00, 0xc2, 0xa7, 0x00, 0x32, 0x19,
  0x0a, 0xb4, 0x00, 0xa8, 0x1b, 0xa0, 0x00, 0x1f, 0x19, 0x0a, 0xb4, 0x00,
  0xaa, 0x59, 0x3a, 0x0b, 0x2c, 0xa5, 0x00, 0x1d, 0x2c, 0xc6, 0x00, 0x0f,
  0x2c, 0x19, 0x0b, 0xb6, 0x00, 0xad, 0x99, 0x00, 0x06, 0xa7, 0x00, 0x0d,
  0x19, 0x0a, 0x3a, 0x07, 0x84, 0x0c, 0x01, 0xa7, 0xff, 0xab, 0x19, 0x0a,
  0xc6, 0x00, 0x23, 0x19, 0x0a, 0xb4, 0x00, 0xa2, 0x3a, 0x0c, 0x15, 0x04,
  0x99, 0x00, 0x08, 0x19, 0x0c, 0xc7, 0x00, 0x09, 0x19, 0x0a, 0x2d, 0xb5,
  0x00, 0xa2, 0x2a, 0x19, 0x0a, 0xb6, 0x00, 0xc6, 0x19, 0x0c, 0xb0, 0x2a,
  0x59, 0xb4, 0x00, 0xca, 0x04, 0x60, 0xb5, 0x00, 0xca, 0x2a, 0x59, 0xb4,
  0x00, 0x9c, 0x04, 0x60, 0x5a, 0xb5, 0x00, 0x9c, 0x2a, 0xb4, 0x00, 0x58,
  0xa4, 0x00, 0x08, 0x2a, 0xb6, 0x00, 0x75, 0x57, 0x2a, 0x15, 0x05, 0xb6,
  0x00, 0xcd, 0x01, 0xb0, 0x00, 0x00, 0x00, 0x04, 0x01, 0x52, 0x00, 0x00,
  0x00, 0x72, 0x00, 0x1c, 0x00, 0x00, 0x00, 0xcc, 0x00, 0x13, 0x00, 0xcd,
  0x00, 0x1d, 0x00, 0xce, 0x00, 0x2f, 0x00, 0xcf, 0x00, 0x3f, 0x00, 0xd2,
  0x00, 0x61, 0x00, 0xd3, 0x00, 0x68, 0x00, 0xd4, 0x00, 0x70, 0x00, 0xd5,
  0x00, 0x83, 0x00, 0xd7, 0x00, 0x86, 0x00, 0xd8, 0x00, 0x91, 0x00, 0xd9,
  0x00, 0x9e, 0x00, 0xda, 0x00, 0xa5, 0x00, 0xdb, 0x00, 0xaf, 0x00, 0xde,
  0x00, 0xd1, 0x00, 0xdf, 0x00, 0xd4, 0x00, 0xe0, 0x00, 0xd8, 0x00, 0xd7,
  0x00, 0xde, 0x00, 0xe3, 0x00, 0xe3, 0x00, 0xe4, 0x00, 0xea, 0x00, 0xe5,
  0x00, 0xf4, 0x00, 0xe6, 0x00, 0xfa, 0x00, 0xe7, 0x01, 0x00, 0x00, 0xe8,
  0x01, 0x03, 0x00, 0xeb, 0x01, 0x0d, 0x00, 0xec, 0x01, 0x1f, 0x00, 0xed,
  0x01, 0x24, 0x00, 0xee, 0x01, 0x2a, 0x00, 0xef, 0x01, 0x53, 0x00, 0x00,
  0x00, 0xb6, 0x00, 0x12, 0x00, 0x10, 0x00, 0x03, 0x01, 0x6c, 0x00, 0x5b,
  0x00, 0x08, 0x00, 0x65, 0x00, 0x03, 0x01, 0x78, 0x00, 0xb3, 0x00, 0x0a,
  0x00, 0x50, 0x00, 0x18, 0x01, 0x69, 0x00, 0xa7, 0x00, 0x0b, 0x00, 0x80,
  0x00, 0x03, 0x01, 0x78, 0x00, 0xb3, 0x00, 0x0a, 0x00, 0xc0, 0x00, 0x14,
  0x01, 0x69, 0x00, 0xa7, 0x00, 0x0b, 0x00, 0x86, 0x00, 0x58, 0x01, 0x8c,
  0x00, 0x5b, 0x00, 0x0c, 0x00, 0xea, 0x00, 0x19, 0x01, 0x8d, 0x00, 0xa7,
  0x00, 0x0c, 0x00, 0x8e, 0x00, 0x75, 0x01, 0x78, 0x00, 0xb3, 0x00, 0x0a,
  0x00, 0x00, 0x01, 0x2c, 0x01, 0x6d, 0x01, 0x6e, 0x00, 0x00, 0x00, 0x00,
  0x01, 0x2c, 0x00, 0x97, 0x00, 0x5b, 0x00, 0x01, 0x00, 0x00, 0x01, 0x2c,
  0x00, 0xac, 0x00, 0xa7, 0x00, 0x02, 0x00, 0x00, 0x01, 0x2c, 0x00, 0xa6,
  0x00, 0xa7, 0x00, 0x03, 0x00, 0x00, 0x01, 0x2c, 0x01, 0x8e, 0x01, 0x7b,
  0x00, 0x04, 0x00, 0x00, 0x01, 0x2c, 0x01, 0x7a, 0x01, 0x7b, 0x00, 0x05,
  0x00, 0x07, 0x01, 0x25, 0x01, 0x86, 0x00, 0x6c, 0x00, 0x06, 0x00, 0x2c,
  0x01, 0x00, 0x01, 0x5a, 0x00, 0xb3, 0x00, 0x07, 0x00, 0x1d, 0x01, 0x0f,
  0x01, 0x6c, 0x00, 0x5b, 0x00, 0x08, 0x00, 0x28, 0x01, 0x04, 0x01, 0x8f,
  0x00, 0x5b, 0x00, 0x09, 0x01, 0x62, 0x00, 0x00, 0x00, 0x70, 0x00, 0x0b,
  0x00, 0x65, 0x00, 0x03, 0x01, 0x78, 0x01, 0x83, 0x00, 0x0a, 0x00, 0x50,
  0x00, 0x18, 0x01, 0x69, 0x01, 0x7d, 0x00, 0x0b, 0x00, 0x80, 0x00, 0x03,
  0x01, 0x78, 0x01, 0x83, 0x00, 0x0a, 0x00, 0xc0, 0x00, 0x14, 0x01, 0x69,
  0x01, 0x7d, 0x00, 0x0b, 0x00, 0xea, 0x00, 0x19, 0x01, 0x8d, 0x01, 0x7e,
  0x00, 0x0c, 0x00, 0x8e, 0x00, 0x75, 0x01, 0x78, 0x01, 0x83, 0x00, 0x0a,
  0x00, 0x00, 0x01, 0x2c, 0x01, 0x6d, 0x01, 0x70, 0x00, 0x00, 0x00, 0x00,
  0x01, 0x2c, 0x00, 0xac, 0x01, 0x7d, 0x00, 0x02, 0x00, 0x00, 0x01, 0x2c,
  0x00, 0xa6, 0x01, 0x7e, 0x00, 0x03, 0x00, 0x07, 0x01, 0x25, 0x01, 0x86,
  0x01, 0x4f, 0x00, 0x06, 0x00, 0x2c, 0x01, 0x00, 0x01, 0x5a, 0x01, 0x83,
  0x00, 0x07, 0x01, 0x55, 0x00, 0x00, 0x00, 0x69, 0x00, 0x0e, 0xfc, 0x00,
  0x13, 0x07, 0x01, 0x87, 0xfd, 0x00, 0x09, 0x00, 0x01, 0xff, 0x00, 0x21,
  0x00, 0x0a, 0x07, 0x00, 0x28, 0x01, 0x07, 0x00, 0x02, 0x07, 0x00, 0x02,
  0x01, 0x01, 0x07, 0x01, 0x87, 0x07, 0x00, 0xa3, 0x01, 0x01, 0x00, 0x00,
  0xfd, 0x00, 0x21, 0x00, 0x07, 0x00, 0x02, 0xf9, 0x00, 0x06, 0x1a, 0xfe,
  0x00, 0x02, 0x00, 0x00, 0x01, 0xff, 0x00, 0x28, 0x00, 0x0d, 0x07, 0x00,
  0x28, 0x01, 0x07, 0x00, 0x02, 0x07, 0x00, 0x02, 0x01, 0x01, 0x07, 0x01,
  0x87, 0x07, 0x00, 0xa3, 0x01, 0x01, 0x07, 0x00, 0xa3, 0x00, 0x01, 0x00,
  0x00, 0x24, 0xf9, 0x00, 0x09, 0xfd, 0x00, 0x15, 0x00, 0x07, 0x00, 0x02,
  0x05, 0xf8, 0x00, 0x08, 0x20, 0x01, 0x4e, 0x00, 0x00, 0x00, 0x02, 0x01,
  0x90, 0x00, 0x10, 0x00, 0x77, 0x00, 0x78, 0x00, 0x02, 0x01, 0x51, 0x00,
  0x00, 0x03, 0xe3, 0x00, 0x05, 0x00, 0x0e, 0x00, 0x00, 0x01, 0x64, 0x2a,
  0xb4, 0x00, 0x69, 0x4c, 0x2b, 0xc7, 0x00, 0x07, 0x03, 0xa7, 0x00, 0x05,
  0x2b, 0xbe, 0x3d, 0x2a, 0xb4, 0x00, 0x58, 0x3e, 0x03, 0x36, 0x05, 0x1c,
  0x9e, 0x00, 0x2a, 0x1c, 0x12, 0x2a, 0xa1, 0x00, 0x0b, 0x2a, 0x12, 0xd1,
  0xb5, 0x00, 0x58, 0x2b, 0xb0, 0x1c, 0x04, 0x78, 0x59, 0x36, 0x04, 0x12,
  0x2a, 0xa2, 0x00, 0x23, 0x1c, 0x10, 0x10, 0xa1, 0x00, 0x1d, 0x1d, 0x04,
  0x78, 0x36, 0x05, 0xa7, 0x00, 0x15, 0x1d, 0x9e, 0x00, 0x09, 0x1d, 0x36,
  0x04, 0xa7, 0x00, 0x0b, 0x10, 0x10, 0x36, 0x04, 0x10, 0x0c, 0x36, 0x05,
  0x15, 0x05, 0x9a, 0x00, 0x26, 0x15, 0x04, 0x86, 0x2a, 0xb4, 0x00, 0x51,
  0x6a, 0x38, 0x06, 0x15, 0x04, 0x12, 0x2a, 0xa2, 0x00, 0x11, 0x17, 0x06,
  0x12, 0xd2, 0x96, 0x9c, 0x00, 0x09, 0x17, 0x06, 0x8b, 0xa7, 0x00, 0x05,
  0x12, 0xd1, 0x36, 0x05, 0x2a, 0x15, 0x05, 0xb5, 0x00, 0x58, 0x15, 0x04,
  0xbd, 0x00, 0xa3, 0x3a, 0x06, 0x2a, 0x19, 0x06, 0xb5, 0x00, 0x69, 0x2b,
  0xc6, 0x00, 0xd0, 0x03, 0x36, 0x07, 0x15, 0x07, 0x1c, 0xa2, 0x00, 0xc7,
  0x2b, 0x15, 0x07, 0x32, 0x59, 0x3a, 0x08, 0xc6, 0x00, 0xb7, 0x2b, 0x15,
  0x07, 0x01, 0x53, 0x19, 0x08, 0xb4, 0x00, 0xb1, 0xc7, 0x00, 0x15, 0x19,
  0x06, 0x19, 0x08, 0xb4, 0x00, 0xa8, 0x15, 0x04, 0x04, 0x64, 0x7e, 0x19,
  0x08, 0x53, 0xa7, 0x00, 0x98, 0x19, 0x08, 0xc1, 0x00, 0xb4, 0x99, 0x00,
  0x14, 0x19, 0x08, 0xc0, 0x00, 0xb4, 0x2a, 0x19, 0x06, 0x15, 0x07, 0x1c,
  0xb6, 0x00, 0xd3, 0xa7, 0x00, 0x7f, 0x01, 0x3a, 0x09, 0x01, 0x3a, 0x0a,
  0x01, 0x3a, 0x0b, 0x01, 0x3a, 0x0c, 0x19, 0x08, 0xb4, 0x00, 0xb1, 0x3a,
  0x0d, 0x19, 0x08, 0xb4, 0x00, 0xa8, 0x1c, 0x7e, 0x9a, 0x00, 0x1d, 0x19,
  0x0a, 0xc7, 0x00, 0x0a, 0x19, 0x08, 0x3a, 0x09, 0xa7, 0x00, 0x0a, 0x19,
  0x0a, 0x19, 0x08, 0xb5, 0x00, 0xb1, 0x19, 0x08, 0x3a, 0x0a, 0xa7, 0x00,
  0x1a, 0x19, 0x0c, 0xc7, 0x00, 0x0a, 0x19, 0x08, 0x3a, 0x0b, 0xa7, 0x00,
  0x0a, 0x19, 0x0c, 0x19, 0x08, 0xb5, 0x00, 0xb1, 0x19, 0x08, 0x3a, 0x0c,
  0x19, 0x0d, 0x59, 0x3a, 0x08, 0xc7, 0xff, 0xb9, 0x19, 0x0a, 0xc6, 0x00,
  0x10, 0x19, 0x0a, 0x01, 0xb5, 0x00, 0xb1, 0x19, 0x06, 0x15, 0x07, 0x19,
  0x09, 0x53, 0x19, 0x0c, 0xc6, 0x00, 0x12, 0x19, 0x0c, 0x01, 0xb5, 0x00,
  0xb1, 0x19, 0x06, 0x15, 0x07, 0x1c, 0x60, 0x19, 0x0b, 0x53, 0x84, 0x07,
  0x01, 0xa7, 0xff, 0x39, 0x19, 0x06, 0xb0, 0x00, 0x00, 0x00, 0x04, 0x01,
  0x52, 0x00, 0x00, 0x00, 0xc6, 0x00, 0x31, 0x00, 0x00, 0x00, 0xf3, 0x00,
  0x05, 0x00, 0xf4, 0x00, 0x10, 0x00, 0xf5, 0x00, 0x15, 0x00, 0xf6, 0x00,
  0x18, 0x00, 0xf7, 0x00, 0x1c, 0x00, 0xf8, 0x00, 0x22, 0x00, 0xf9, 0x00,
  0x28, 0x00, 0xfa, 0x00, 0x2a, 0x00, 0xfc, 0x00, 0x3b, 0x00, 0xfd, 0x00,
  0x43, 0x00, 0xff, 0x00, 0x47, 0x01, 0x00, 0x00, 0x4d, 0x01, 0x02, 0x00,
  0x51, 0x01, 0x03, 0x00, 0x55, 0x01, 0x05, 0x00, 0x5a, 0x01, 0x06, 0x00,
  0x64, 0x01, 0x07, 0x00, 0x7d, 0x01, 0x09, 0x00, 0x83, 0x01, 0x0b, 0x00,
  0x8a, 0x01, 0x0c, 0x00, 0x90, 0x01, 0x0d, 0x00, 0x94, 0x01, 0x0e, 0x00,
  0x9d, 0x01, 0x10, 0x00, 0xa7, 0x01, 0x11, 0x00, 0xac, 0x01, 0x12, 0x00,
  0xb4, 0x01, 0x13, 0x00, 0xc6, 0x01, 0x14, 0x00, 0xce, 0x01, 0x15, 0x00,
  0xdf, 0x01, 0x17, 0x00, 0xe5, 0x01, 0x18, 0x00, 0xeb, 0x01, 0x1b, 0x00,
  0xf2, 0x01, 0x1c, 0x00, 0xfc, 0x01, 0x1d, 0x01, 0x01, 0x01, 0x1e, 0x01,
  0x08, 0x01, 0x20, 0x01, 0x0f, 0x01, 0x21, 0x01, 0x16, 0x01, 0x24, 0x01,
  0x1b, 0x01, 0x25, 0x01, 0x22, 0x01, 0x27, 0x01, 0x29, 0x01, 0x28, 0x01,
  0x2d, 0x01, 0x2a, 0x01, 0x35, 0x01, 0x2b, 0x01, 0x3a, 0x01, 0x2c, 0x01,
  0x40, 0x01, 0x2d, 0x01, 0x47, 0x01, 0x2f, 0x01, 0x4c, 0x01, 0x30, 0x01,
  0x52, 0x01, 0x31, 0x01, 0x5b, 0x01, 0x0e, 0x01, 0x61, 0x01, 0x37, 0x01,
  0x53, 0x00, 0x00, 0x00, 0xac, 0x00, 0x11, 0x00, 0x30, 0x00, 0x13, 0x01,
  0x91, 0x00, 0x5b, 0x00, 0x04, 0x00, 0x4a, 0x00, 0x03, 0x01, 0x91, 0x00,
  0x5b, 0x00, 0x04, 0x00, 0x64, 0x00, 0x19, 0x01, 0x92, 0x00, 0x54, 0x00,
  0x06, 0x00, 0xe2, 0x00, 0x79, 0x01, 0x93, 0x00, 0xb3, 0x00, 0x09, 0x00,
  0xe5, 0x00, 0x76, 0x01, 0x94, 0x00, 0xb3, 0x00, 0x0a, 0x00, 0xe8, 0x00,
  0x73, 0x01, 0x95, 0x00, 0xb3, 0x00, 0x0b, 0x00, 0xeb, 0x00, 0x70, 0x01,
  0x96, 0x00, 0xb3, 0x00, 0x0c, 0x00, 0xf2, 0x00, 0x69, 0x00, 0x8b, 0x00,
  0xb3, 0x00, 0x0d, 0x00, 0xa4, 0x00, 0xb7, 0x01, 0x78, 0x00, 0xb3, 0x00,
  0x08, 0x00, 0x97, 0x00, 0xca, 0x01, 0x97, 0x00, 0x5b, 0x00, 0x07, 0x00,
  0x00, 0x01, 0x64, 0x01, 0x6d, 0x01, 0x6e, 0x00, 0x00, 0x00, 0x05, 0x01,
  0x5f, 0x01, 0x98, 0x00, 0x6c, 0x00, 0x01, 0x00, 0x10, 0x01, 0x54, 0x01,
  0x99, 0x00, 0x5b, 0x00, 0x02, 0x00, 0x15, 0x01, 0x4f, 0x01, 0x9a, 0x00,
  0x5b, 0x00, 0x03, 0x00, 0x51, 0x01, 0x13, 0x01, 0x91, 0x00, 0x5b, 0x00,
  0x04, 0x00, 0x18, 0x01, 0x4c, 0x01, 0x9b, 0x00, 0x5b, 0x00, 0x05, 0x00,
  0x8a, 0x00, 0xda, 0x01, 0x9c, 0x00, 0x6c, 0x00, 0x06, 0x01, 0x62, 0x00,
  0x00, 0x00, 0x5c, 0x00, 0x09, 0x00, 0xe2, 0x00, 0x79, 0x01, 0x93, 0x01,
  0x83, 0x00, 0x09, 0x00, 0xe5, 0x00, 0x76, 0x01, 0x94, 0x01, 0x83, 0x00,
  0x0a, 0x00, 0xe8, 0x00, 0x73, 0x01, 0x95, 0x01, 0x83, 0x00, 0x0b, 0x00,
  0xeb, 0x00, 0x70, 0x01, 0x96, 0x01, 0x83, 0x00, 0x0c, 0x00, 0xf2, 0x00,
  0x69, 0x00, 0x8b, 0x01, 0x83, 0x00, 0x0d, 0x00, 0xa4, 0x00, 0xb7, 0x01,
  0x78, 0x01, 0x83, 0x00, 0x08, 0x00, 0x00, 0x01, 0x64, 0x01, 0x6d, 0x01,
  0x70, 0x00, 0x00, 0x00, 0x05, 0x01, 0x5f, 0x01, 0x98, 0x01, 0x4f, 0x00,
  0x01, 0x00, 0x8a, 0x00, 0xda, 0x01, 0x9c, 0x01, 0x4f, 0x00, 0x06, 0x01,
  0x55, 0x00, 0x00, 0x00, 0x8d, 0x00, 0x16, 0xfc, 0x00, 0x0d, 0x07, 0x01,
  0x87, 0x41, 0x01, 0xff, 0x00, 0x1a, 0x00, 0x06, 0x07, 0x00, 0x28, 0x07,
  0x01, 0x87, 0x01, 0x01, 0x00, 0x01, 0x00, 0x00, 0x18, 0x09, 0xff, 0x00,
  0x07, 0x00, 0x06, 0x07, 0x00, 0x28, 0x07, 0x01, 0x87, 0x01, 0x01, 0x01,
  0x01, 0x00, 0x00, 0xfc, 0x00, 0x23, 0x02, 0x41, 0x01, 0xfa, 0x00, 0x01,
  0xfd, 0x00, 0x19, 0x07, 0x01, 0x87, 0x01, 0xfc, 0x00, 0x2e, 0x07, 0x00,
  0xa3, 0x18, 0xff, 0x00, 0x0b, 0x00, 0x0d, 0x07, 0x00, 0x28, 0x07, 0x01,
  0x87, 0x01, 0x01, 0x01, 0x01, 0x07, 0x01, 0x87, 0x01, 0x07, 0x00, 0xa3,
  0x07, 0x00, 0xa3, 0x07, 0x00, 0xa3, 0x07, 0x00, 0xa3, 0x07, 0x00, 0xa3,
  0x00, 0x00, 0xfc, 0x00, 0x1c, 0x07, 0x00, 0xa3, 0x06, 0x06, 0x0b, 0x06,
  0x03, 0x19, 0xff, 0x00, 0x13, 0x00, 0x08, 0x07, 0x00, 0x28, 0x07, 0x01,
  0x87, 0x01, 0x01, 0x01, 0x01, 0x07, 0x01, 0x87, 0x01, 0x00, 0x00, 0xfa,
  0x00, 0x05, 0x01, 0x4e, 0x00, 0x00, 0x00, 0x02, 0x01, 0x9d, 0x00, 0x10,
  0x00, 0xc4, 0x00, 0xc5, 0x00, 0x02, 0x01, 0x51, 0x00, 0x00, 0x01, 0xa5,
  0x00, 0x04, 0x00, 0x09, 0x00, 0x00, 0x00, 0x6e, 0x2b, 0xc6, 0x00, 0x0c,
  0x2b, 0xbe, 0x59, 0x3e, 0x10, 0x40, 0xa2, 0x00, 0x0b, 0x2a, 0xb6, 0x00,
  0x75, 0x57, 0xa7, 0x00, 0x5b, 0x2b, 0x1d, 0x04, 0x64, 0x1c, 0x7e, 0x59,
  0x36, 0x04, 0x32, 0x59, 0x3a, 0x05, 0xc6, 0x00, 0x4b, 0x01, 0x3a, 0x06,
  0x01, 0x3a, 0x07, 0x2a, 0x19, 0x05, 0x01, 0xb6, 0x00, 0xd7, 0x3a, 0x08,
  0x19, 0x07, 0xc7, 0x00, 0x0a, 0x19, 0x08, 0x3a, 0x06, 0xa7, 0x00, 0x11,
  0x19, 0x08, 0x19, 0x07, 0xb5, 0x00, 0xdb, 0x19, 0x07, 0x19, 0x08, 0xb5,
  0x00, 0xdf, 0x19, 0x08, 0x3a, 0x07, 0x19, 0x05, 0xb4, 0x00, 0xb1, 0x59,
  0x3a, 0x05, 0xc7, 0xff, 0xd1, 0x2b, 0x15, 0x04, 0x19, 0x06, 0x5b, 0x53,
  0xc6, 0x00, 0x09, 0x19, 0x06, 0x2b, 0xb6, 0x00, 0xe0, 0xb1, 0x00, 0x00,
  0x00, 0x04, 0x01, 0x52, 0x00, 0x00, 0x00, 0x3a, 0x00, 0x0e, 0x00, 0x00,
  0x01, 0x3c, 0x00, 0x0d, 0x01, 0x3d, 0x00, 0x15, 0x01, 0x3e, 0x00, 0x25,
  0x01, 0x3f, 0x00, 0x2b, 0x01, 0x41, 0x00, 0x34, 0x01, 0x42, 0x00, 0x39,
  0x01, 0x43, 0x00, 0x40, 0x01, 0x45, 0x00, 0x47, 0x01, 0x46, 0x00, 0x4e,
  0x01, 0x48, 0x00, 0x52, 0x01, 0x49, 0x00, 0x5d, 0x01, 0x4a, 0x00, 0x67,
  0x01, 0x4b, 0x00, 0x6d, 0x01, 0x4d, 0x01, 0x53, 0x00, 0x00, 0x00, 0x66,
  0x00, 0x0a, 0x00, 0x08, 0x00, 0x05, 0x01, 0x6c, 0x00, 0x5b, 0x00, 0x03,
  0x00, 0x34, 0x00, 0x1e, 0x01, 0x5a, 0x00, 0xde, 0x00, 0x08, 0x00, 0x28,
  0x00, 0x45, 0x01, 0x9e, 0x00, 0xde, 0x00, 0x06, 0x00, 0x2b, 0x00, 0x42,
  0x01, 0x9f, 0x00, 0xde, 0x00, 0x07, 0x00, 0x15, 0x00, 0x58, 0x01, 0x6c,
  0x00, 0x5b, 0x00, 0x03, 0x00, 0x1e, 0x00, 0x4f, 0x01, 0xa0, 0x00, 0x5b,
  0x00, 0x04, 0x00, 0x22, 0x00, 0x4b, 0x01, 0x78, 0x00, 0xb3, 0x00, 0x05,
  0x00, 0x00, 0x00, 0x6e, 0x01, 0x6d, 0x01, 0x6e, 0x00, 0x00, 0x00, 0x00,
  0x00, 0x6e, 0x01, 0x86, 0x00, 0x6c, 0x00, 0x01, 0x00, 0x00, 0x00, 0x6e,
  0x00, 0x97, 0x00, 0x5b, 0x00, 0x02, 0x01, 0x62, 0x00, 0x00, 0x00, 0x3e,
  0x00, 0x06, 0x00, 0x34, 0x00, 0x1e, 0x01, 0x5a, 0x01, 0xa1, 0x00, 0x08,
  0x00, 0x28, 0x00, 0x45, 0x01, 0x9e, 0x01, 0xa1, 0x00, 0x06, 0x00, 0x2b,
  0x00, 0x42, 0x01, 0x9f, 0x01, 0xa1, 0x00, 0x07, 0x00, 0x22, 0x00, 0x4b,
  0x01, 0x78, 0x01, 0x83, 0x00, 0x05, 0x00, 0x00, 0x00, 0x6e, 0x01, 0x6d,
  0x01, 0x70, 0x00, 0x00, 0x00, 0x00, 0x00, 0x6e, 0x01, 0x86, 0x01, 0x4f,
  0x00, 0x01, 0x01, 0x55, 0x00, 0x00, 0x00, 0x35, 0x00, 0x06, 0x0d, 0xfc,
  0x00, 0x07, 0x01, 0xff, 0x00, 0x15, 0x00, 0x08, 0x07, 0x00, 0x28, 0x07,
  0x01, 0x87, 0x01, 0x01, 0x01, 0x07, 0x00, 0xa3, 0x07, 0x00, 0xb4, 0x07,
  0x00, 0xb4, 0x00, 0x00, 0xfc, 0x00, 0x14, 0x07, 0x00, 0xb4, 0x0d, 0xff,
  0x00, 0x1e, 0x00, 0x03, 0x07, 0x00, 0x28, 0x07, 0x01, 0x87, 0x01, 0x00,
  0x00, 0x01, 0x4e, 0x00, 0x00, 0x00, 0x02, 0x01, 0xa2, 0x00, 0x01, 0x01,
  0xa3, 0x01, 0x71, 0x00, 0x02, 0x01, 0x51, 0x00, 0x00, 0x00, 0x5b, 0x00,
  0x03, 0x00, 0x02, 0x00, 0x00, 0x00, 0x07, 0x2a, 0x2b, 0x04, 0xb6, 0x00,
  0x60, 0xb1, 0x00, 0x00, 0x00, 0x03, 0x01, 0x52, 0x00, 0x00, 0x00, 0x0a,
  0x00, 0x02, 0x00, 0x00, 0x01, 0x50, 0x00, 0x06, 0x01, 0x51, 0x01, 0x53,
  0x00, 0x00, 0x00, 0x16, 0x00, 0x02, 0x00, 0x00, 0x00, 0x07, 0x01, 0x6d,
  0x01, 0x6e, 0x00, 0x00, 0x00, 0x00, 0x00, 0x07, 0x01, 0x72, 0x01, 0x73,
  0x00, 0x01, 0x01, 0x62, 0x00, 0x00, 0x00, 0x16, 0x00, 0x02, 0x00, 0x00,
  0x00, 0x07, 0x01, 0x6d, 0x01, 0x70, 0x00, 0x00, 0x00, 0x00, 0x00, 0x07,
  0x01, 0x72, 0x01, 0x74, 0x00, 0x01, 0x01, 0x4e, 0x00, 0x00, 0x00, 0x02,
  0x01, 0x75, 0x00, 0x01, 0x01, 0xa4, 0x01, 0x17, 0x00, 0x02, 0x01, 0x51,
  0x00, 0x00, 0x00, 0x86, 0x00, 0x06, 0x00, 0x03, 0x00, 0x00, 0x00, 0x1a,
  0x2a, 0x2b, 0xb8, 0x00, 0x95, 0x2b, 0x01, 0x03, 0x04, 0xb6, 0x00, 0xe4,
  0x59, 0x4d, 0xc7, 0x00, 0x07, 0x01, 0xa7, 0x00, 0x07, 0x2c, 0xb4, 0x00,
  0xa2, 0xb0, 0x00, 0x00, 0x00, 0x04, 0x01, 0x52, 0x00, 0x00, 0x00, 0x06,
  0x00, 0x01, 0x00, 0x00, 0x01, 0x55, 0x01, 0x53, 0x00, 0x00, 0x00, 0x20,
  0x00, 0x03, 0x00, 0x00, 0x00, 0x1a, 0x01, 0x6d, 0x01, 0x6e, 0x00, 0x00,
  0x00, 0x00, 0x00, 0x1a, 0x00, 0xac, 0x00, 0xa7, 0x00, 0x01, 0x00, 0x0e,
  0x00, 0x0c, 0x01, 0x78, 0x00, 0xb3, 0x00, 0x02, 0x01, 0x62, 0x00, 0x00,
  0x00, 0x16, 0x00, 0x02, 0x00, 0x00, 0x00, 0x1a, 0x01, 0x6d, 0x01, 0x70,
  0x00, 0x00, 0x00, 0x0e, 0x00, 0x0c, 0x01, 0x78, 0x01, 0x83, 0x00, 0x02,
  0x01, 0x55, 0x00, 0x00, 0x00, 0x0c, 0x00, 0x02, 0xfc, 0x00, 0x15, 0x07,
  0x00, 0xa3, 0x43, 0x07, 0x00, 0x02, 0x01, 0x4e, 0x00, 0x00, 0x00, 0x02,
  0x01, 0x84, 0x00, 0x10, 0x00, 0xe6, 0x00, 0xe7, 0x00, 0x02, 0x01, 0x51,
  0x00, 0x00, 0x02, 0xe2, 0x00, 0x04, 0x00, 0x0e, 0x00, 0x00, 0x01, 0x23,
  0x2a, 0xb4, 0x00, 0x69, 0x59, 0x3a, 0x06, 0xc6, 0x01, 0x1a, 0x19, 0x06,
  0xbe, 0x59, 0x36, 0x08, 0x9e, 0x01, 0x11, 0x19, 0x06, 0x15, 0x08, 0x04,
  0x64, 0x1b, 0x7e, 0x59, 0x36, 0x09, 0x32, 0x59, 0x3a, 0x07, 0xc6, 0x00,
  0xff, 0x01, 0x3a, 0x0a, 0x19, 0x07, 0xb4, 0x00, 0xa8, 0x1b, 0xa0, 0x00,
  0x23, 0x19, 0x07, 0xb4, 0x00, 0xaa, 0x59, 0x3a, 0x0c, 0x2c, 0xa5, 0x00,
  0x10, 0x2c, 0xc6, 0x00, 0x13, 0x2c, 0x19, 0x0c, 0xb6, 0x00, 0xad, 0x99,
  0x00, 0x0a, 0x19, 0x07, 0x3a, 0x0a, 0xa7, 0x00, 0x5d, 0x19, 0x07, 0xb4,
  0x00, 0xb1, 0x59, 0x3a, 0x0b, 0xc6, 0x00, 0x52, 0x19, 0x07, 0xc1, 0x00,
  0xb4, 0x99, 0x00, 0x12, 0x19, 0x07, 0xc0, 0x00, 0xb4, 0x1b, 0x2c, 0xb6,
  0x00, 0xb6, 0x3a, 0x0a, 0xa7, 0x00, 0x3b, 0x19, 0x0b, 0xb4, 0x00, 0xa8,
  0x1b, 0xa0, 0x00, 0x23, 0x19, 0x0b, 0xb4, 0x00, 0xaa, 0x59, 0x3a, 0x0c,
  0x2c, 0xa5, 0x00, 0x10, 0x2c, 0xc6, 0x00, 0x13, 0x2c, 0x19, 0x0c, 0xb6,
  0x00, 0xad, 0x99, 0x00, 0x0a, 0x19, 0x0b, 0x3a, 0x0a, 0xa7, 0x00, 0x12,
  0x19, 0x0b, 0x3a, 0x07, 0x19, 0x0b, 0xb4, 0x00, 0xb1, 0x59, 0x3a, 0x0b,
  0xc7, 0xff, 0xcb, 0x19, 0x0a, 0xc6, 0x00, 0x74, 0x15, 0x04, 0x99, 0x00,
  0x1c, 0x19, 0x0a, 0xb4, 0x00, 0xa2, 0x59, 0x3a, 0x0d, 0x2d, 0xa5, 0x00,
  0x10, 0x2d, 0xc6, 0x00, 0x5f, 0x2d, 0x19, 0x0d, 0xb6, 0x00, 0xad, 0x99,
  0x00, 0x56, 0x19, 0x0a, 0xc1, 0x00, 0xb4, 0x99, 0x00, 0x13, 0x19, 0x0a,
  0xc0, 0x00, 0xb4, 0x2a, 0x19, 0x06, 0x15, 0x05, 0xb6, 0x00, 0xe8, 0xa7,
  0x00, 0x21, 0x19, 0x0a, 0x19, 0x07, 0xa6, 0x00, 0x10, 0x19, 0x06, 0x15,
  0x09, 0x19, 0x0a, 0xb4, 0x00, 0xb1, 0x53, 0xa7, 0x00, 0x0d, 0x19, 0x07,
  0x19, 0x0a, 0xb4, 0x00, 0xb1, 0xb5, 0x00, 0xb1, 0x2a, 0x59, 0xb4, 0x00,
  0xca, 0x04, 0x60, 0xb5, 0x00, 0xca, 0x2a, 0x59, 0xb4, 0x00, 0x9c, 0x04,
  0x64, 0xb5, 0x00, 0x9c, 0x2a, 0x19, 0x0a, 0xb6, 0x00, 0xec, 0x19, 0x0a,
  0xb0, 0x01, 0xb0, 0x00, 0x00, 0x00, 0x04, 0x01, 0x52, 0x00, 0x00, 0x00,
  0x5e, 0x00, 0x17, 0x00, 0x00, 0x01, 0x5a, 0x00, 0x25, 0x01, 0x5b, 0x00,
  0x28, 0x01, 0x5c, 0x00, 0x4a, 0x01, 0x5d, 0x00, 0x51, 0x01, 0x5e, 0x00,
  0x5c, 0x01, 0x5f, 0x00, 0x64, 0x01, 0x60, 0x00, 0x73, 0x01, 0x63, 0x00,
  0x95, 0x01, 0x64, 0x00, 0x99, 0x01, 0x65, 0x00, 0x9c, 0x01, 0x67, 0x00,
  0xa0, 0x01, 0x68, 0x00, 0xab, 0x01, 0x6b, 0x00, 0xce, 0x01, 0x6c, 0x00,
  0xd6, 0x01, 0x6d, 0x00, 0xe6, 0x01, 0x6e, 0x00, 0xed, 0x01, 0x6f, 0x00,
  0xfa, 0x01, 0x71, 0x01, 0x04, 0x01, 0x72, 0x01, 0x0e, 0x01, 0x73, 0x01,
  0x18, 0x01, 0x74, 0x01, 0x1e, 0x01, 0x75, 0x01, 0x21, 0x01, 0x78, 0x01,
  0x53, 0x00, 0x00, 0x00, 0x98, 0x00, 0x0f, 0x00, 0x39, 0x00, 0x18, 0x01,
  0x69, 0x00, 0xa7, 0x00, 0x0c, 0x00, 0x84, 0x00, 0x18, 0x01, 0x69, 0x00,
  0xa7, 0x00, 0x0c, 0x00, 0x59, 0x00, 0x52, 0x01, 0x78, 0x00, 0xb3, 0x00,
  0x0b, 0x00, 0xbd, 0x00, 0x11, 0x01, 0xa5, 0x00, 0xa7, 0x00, 0x0d, 0x00,
  0x28, 0x00, 0xf9, 0x01, 0xa6, 0x00, 0xb3, 0x00, 0x0a, 0x00, 0x22, 0x00,
  0xff, 0x01, 0x5a, 0x00, 0xb3, 0x00, 0x07, 0x00, 0x10, 0x01, 0x11, 0x01,
  0x6c, 0x00, 0x5b, 0x00, 0x08, 0x00, 0x1e, 0x01, 0x03, 0x01, 0xa0, 0x00,
  0x5b, 0x00, 0x09, 0x00, 0x00, 0x01, 0x23, 0x01, 0x6d, 0x01, 0x6e, 0x00,
  0x00, 0x00, 0x00, 0x01, 0x23, 0x00, 0x97, 0x00, 0x5b, 0x00, 0x01, 0x00,
  0x00, 0x01, 0x23, 0x00, 0xac, 0x00, 0xa7, 0x00, 0x02, 0x00, 0x00, 0x01,
  0x23, 0x00, 0xa6, 0x00, 0xa7, 0x00, 0x03, 0x00, 0x00, 0x01, 0x23, 0x01,
  0xa7, 0x01, 0x7b, 0x00, 0x04, 0x00, 0x00, 0x01, 0x23, 0x01, 0xa8, 0x01,
  0x7b, 0x00, 0x05, 0x00, 0x07, 0x01, 0x1c, 0x01, 0x86, 0x00, 0x6c, 0x00,
  0x06, 0x01, 0x62, 0x00, 0x00, 0x00, 0x52, 0x00, 0x08, 0x00, 0x39, 0x00,
  0x18, 0x01, 0x69, 0x01, 0x7d, 0x00, 0x0c, 0x00, 0x84, 0x00, 0x18, 0x01,
  0x69, 0x01, 0x7d, 0x00, 0x0c, 0x00, 0x59, 0x00, 0x52, 0x01, 0x78, 0x01,
  0x83, 0x00, 0x0b, 0x00, 0xbd, 0x00, 0x11, 0x01, 0xa5, 0x01, 0x7e, 0x00,
  0x0d, 0x00, 0x28, 0x00, 0xf9, 0x01, 0xa6, 0x01, 0x83, 0x00, 0x0a, 0x00,
  0x22, 0x00, 0xff, 0x01, 0x5a, 0x01, 0x83, 0x00, 0x07, 0x00, 0x00, 0x01,
  0x23, 0x01, 0x6d, 0x01, 0x70, 0x00, 0x00, 0x00, 0x07, 0x01, 0x1c, 0x01,
  0x86, 0x01, 0x4f, 0x00, 0x06, 0x01, 0x55, 0x00, 0x00, 0x00, 0x53, 0x00,
  0x0b, 0xff, 0x00, 0x4a, 0x00, 0x0d, 0x07, 0x00, 0x28, 0x01, 0x07, 0x00,
  0x02, 0x07, 0x00, 0x02, 0x01, 0x01, 0x07, 0x01, 0x87, 0x07, 0x00, 0xa3,
  0x01, 0x01, 0x07, 0x00, 0xa3, 0x00, 0x07, 0x00, 0x02, 0x00, 0x00, 0xf9,
  0x00, 0x06, 0xfc, 0x00, 0x21, 0x07, 0x00, 0xa3, 0xfc, 0x00, 0x21, 0x07,
  0x00, 0x02, 0xfa, 0x00, 0x06, 0xfa, 0x00, 0x0e, 0x22, 0x17, 0x13, 0x09,
  0xff, 0x00, 0x1c, 0x00, 0x07, 0x07, 0x00, 0x28, 0x01, 0x07, 0x00, 0x02,
  0x07, 0x00, 0x02, 0x01, 0x01, 0x07, 0x01, 0x87, 0x00, 0x00, 0x01, 0x4e,
  0x00, 0x00, 0x00, 0x02, 0x01, 0xa9, 0x00, 0x01, 0x01, 0xaa, 0x00, 0x30,
  0x00, 0x01, 0x01, 0x51, 0x00, 0x00, 0x00, 0xb6, 0x00, 0x03, 0x00, 0x03,
  0x00, 0x00, 0x00, 0x32, 0x2a, 0x59, 0xb4, 0x00, 0xca, 0x04, 0x60, 0xb5,
  0x00, 0xca, 0x2a, 0xb4, 0x00, 0x69, 0x59, 0x4c, 0xc6, 0x00, 0x21, 0x2a,
  0xb4, 0x00, 0x9c, 0x9e, 0x00, 0x1a, 0x2a, 0x03, 0xb5, 0x00, 0x9c, 0x03,
  0x3d, 0x1c, 0x2b, 0xbe, 0xa2, 0x00, 0x0d, 0x2b, 0x1c, 0x01, 0x53, 0x84,
  0x02, 0x01, 0xa7, 0xff, 0xf3, 0xb1, 0x00, 0x00, 0x00, 0x04, 0x01, 0x52,
  0x00, 0x00, 0x00, 0x1e, 0x00, 0x07, 0x00, 0x00, 0x01, 0x7d, 0x00, 0x0a,
  0x01, 0x7e, 0x00, 0x1a, 0x01, 0x7f, 0x00, 0x1f, 0x01, 0x80, 0x00, 0x27,
  0x01, 0x81, 0x00, 0x2b, 0x01, 0x80, 0x00, 0x31, 0x01, 0x83, 0x01, 0x53,
  0x00, 0x00, 0x00, 0x20, 0x00, 0x03, 0x00, 0x21, 0x00, 0x10, 0x01, 0x8f,
  0x00, 0x5b, 0x00, 0x02, 0x00, 0x00, 0x00, 0x32, 0x01, 0x6d, 0x01, 0x6e,
  0x00, 0x00, 0x00, 0x10, 0x00, 0x22, 0x01, 0x86, 0x00, 0x6c, 0x00, 0x01,
  0x01, 0x62, 0x00, 0x00, 0x00, 0x16, 0x00, 0x02, 0x00, 0x00, 0x00, 0x32,
  0x01, 0x6d, 0x01, 0x70, 0x00, 0x00, 0x00, 0x10, 0x00, 0x22, 0x01, 0x86,
  0x01, 0x4f, 0x00, 0x01, 0x01, 0x55, 0x00, 0x00, 0x00, 0x0c, 0x00, 0x02,
  0xfd, 0x00, 0x21, 0x07, 0x01, 0x87, 0x01, 0xfa, 0x00, 0x0f, 0x00, 0x01,
  0x01, 0xab, 0x00, 0xb0, 0x00, 0x01, 0x01, 0x51, 0x00, 0x00, 0x01, 0x5d,
  0x00, 0x02, 0x00, 0x08, 0x00, 0x00, 0x00, 0x59, 0x2a, 0xb4, 0x00, 0x69,
  0x59, 0x4d, 0xc6, 0x00, 0x51, 0x2a, 0xb4, 0x00, 0x9c, 0x9e, 0x00, 0x4a,
  0x2c, 0x3a, 0x04, 0x19, 0x04, 0xbe, 0x36, 0x05, 0x03, 0x36, 0x06, 0x15,
  0x06, 0x15, 0x05, 0xa2, 0x00, 0x38, 0x19, 0x04, 0x15, 0x06, 0x32, 0x3a,
  0x07, 0x19, 0x07, 0xc6, 0x00, 0x26, 0x19, 0x07, 0xb4, 0x00, 0xa2, 0x59,
  0x4e, 0x2b, 0xa5, 0x00, 0x0f, 0x2b, 0xc6, 0x00, 0x0d, 0x2b, 0x2d, 0xb6,
  0x00, 0xad, 0x99, 0x00, 0x05, 0x04, 0xac, 0x19, 0x07, 0xb4, 0x00, 0xb1,
  0x3a, 0x07, 0xa7, 0xff, 0xdb, 0x84, 0x06, 0x01, 0xa7, 0xff, 0xc7, 0x03,
  0xac, 0x00, 0x00, 0x00, 0x04, 0x01, 0x52, 0x00, 0x00, 0x00, 0x22, 0x00,
  0x08, 0x00, 0x00, 0x01, 0x87, 0x00, 0x10, 0x01, 0x88, 0x00, 0x29, 0x01,
  0x89, 0x00, 0x2e, 0x01, 0x8a, 0x00, 0x45, 0x01, 0x8b, 0x00, 0x47, 0x01,
  0x89, 0x00, 0x51, 0x01, 0x88, 0x00, 0x57, 0x01, 0x8f, 0x01, 0x53, 0x00,
  0x00, 0x00, 0x34, 0x00, 0x05, 0x00, 0x35, 0x00, 0x1c, 0x01, 0xa5, 0x00,
  0xa7, 0x00, 0x03, 0x00, 0x29, 0x00, 0x28, 0x01, 0x78, 0x00, 0xb3, 0x00,
  0x07, 0x00, 0x00, 0x00, 0x59, 0x01, 0x6d, 0x01, 0x6e, 0x00, 0x00, 0x00,
  0x00, 0x00, 0x59, 0x00, 0xa6, 0x00, 0xa7, 0x00, 0x01, 0x00, 0x06, 0x00,
  0x53, 0x01, 0x86, 0x00, 0x6c, 0x00, 0x02, 0x01, 0x62, 0x00, 0x00, 0x00,
  0x2a, 0x00, 0x04, 0x00, 0x35, 0x00, 0x1c, 0x01, 0xa5, 0x01, 0x7e, 0x00,
  0x03, 0x00, 0x29, 0x00, 0x28, 0x01, 0x78, 0x01, 0x83, 0x00, 0x07, 0x00,
  0x00, 0x00, 0x59, 0x01, 0x6d, 0x01, 0x70, 0x00, 0x00, 0x00, 0x06, 0x00,
  0x53, 0x01, 0x86, 0x01, 0x4f, 0x00, 0x02, 0x01, 0x55, 0x00, 0x00, 0x00,
  0x60, 0x00, 0x06, 0xff, 0x00, 0x1b, 0x00, 0x07, 0x07, 0x00, 0x28, 0x07,
  0x00, 0x02, 0x07, 0x01, 0x87, 0x00, 0x07, 0x01, 0x87, 0x01, 0x01, 0x00,
  0x00, 0xfc, 0x00, 0x0d, 0x07, 0x00, 0xa3, 0xff, 0x00, 0x1b, 0x00, 0x08,
  0x07, 0x00, 0x28, 0x07, 0x00, 0x02, 0x07, 0x01, 0x87, 0x07, 0x00, 0x02,
  0x07, 0x01, 0x87, 0x01, 0x01, 0x07, 0x00, 0xa3, 0x00, 0x00, 0x01, 0xff,
  0x00, 0x09, 0x00, 0x07, 0x07, 0x00, 0x28, 0x07, 0x00, 0x02, 0x07, 0x01,
  0x87, 0x00, 0x07, 0x01, 0x87, 0x01, 0x01, 0x00, 0x00, 0xff, 0x00, 0x05,
  0x00, 0x03, 0x07, 0x00, 0x28, 0x07, 0x00, 0x02, 0x07, 0x01, 0x87, 0x00,
  0x00, 0x00, 0x01, 0x00, 0xf1, 0x00, 0x7c, 0x00, 0x02, 0x01, 0x51, 0x00,
  0x00, 0x00, 0x87, 0x00, 0x03, 0x00, 0x02, 0x00, 0x00, 0x00, 0x19, 0x2a,
  0xb4, 0x00, 0xef, 0x4c, 0x2b, 0xc7, 0x00, 0x11, 0xbb, 0x00, 0xf3, 0x59,
  0x2a, 0xb7, 0x00, 0xf5, 0x4c, 0x2a, 0x2b, 0xb5, 0x00, 0xef, 0x2b, 0xb0,
  0x00, 0x00, 0x00, 0x04, 0x01, 0x52, 0x00, 0x00, 0x00, 0x16, 0x00, 0x05,
  0x00, 0x00, 0x01, 0x93, 0x00, 0x05, 0x01, 0x94, 0x00, 0x09, 0x01, 0x95,
  0x00, 0x12, 0x01, 0x96, 0x00, 0x17, 0x01, 0x98, 0x01, 0x53, 0x00, 0x00,
  0x00, 0x16, 0x00, 0x02, 0x00, 0x00, 0x00, 0x19, 0x01, 0x6d, 0x01, 0x6e,
  0x00, 0x00, 0x00, 0x05, 0x00, 0x14, 0x01, 0xac, 0x00, 0xf2, 0x00, 0x01,
  0x01, 0x62, 0x00, 0x00, 0x00, 0x16, 0x00, 0x02, 0x00, 0x00, 0x00, 0x19,
  0x01, 0x6d, 0x01, 0x70, 0x00, 0x00, 0x00, 0x05, 0x00, 0x14, 0x01, 0xac,
  0x01, 0xad, 0x00, 0x01, 0x01, 0x55, 0x00, 0x00, 0x00, 0x08, 0x00, 0x01,
  0xfc, 0x00, 0x17, 0x07, 0x00, 0x7e, 0x01, 0x4e, 0x00, 0x00, 0x00, 0x02,
  0x01, 0xae, 0x00, 0x10, 0x01, 0xaf, 0x01, 0xb0, 0x00, 0x02, 0x01, 0x51,
  0x00, 0x00, 0x00, 0xa9, 0x00, 0x03, 0x00, 0x03, 0x00, 0x00, 0x00, 0x26,
  0x2a, 0xb4, 0x00, 0x9c, 0x3d, 0x2b, 0xbe, 0x1c, 0xa2, 0x00, 0x12, 0x2b,
  0xb6, 0x00, 0x09, 0xb6, 0x00, 0xf8, 0x1c, 0xb8, 0x00, 0xfb, 0xc0, 0x01,
  0x01, 0xb0, 0x2b, 0xbe, 0x1c, 0xa4, 0x00, 0x07, 0x2b, 0x1c, 0x01, 0x53,
  0x2b, 0xb0, 0x00, 0x00, 0x00, 0x04, 0x01, 0x52, 0x00, 0x00, 0x00, 0x22,
  0x00, 0x08, 0x00, 0x00, 0x01, 0x9d, 0x00, 0x05, 0x01, 0x9e, 0x00, 0x0b,
  0x01, 0x9f, 0x00, 0x0c, 0x01, 0xa0, 0x00, 0x19, 0x01, 0x9f, 0x00, 0x1a,
  0x01, 0xa2, 0x00, 0x20, 0x01, 0xa3, 0x00, 0x24, 0x01, 0xa5, 0x01, 0x53,
  0x00, 0x00, 0x00, 0x20, 0x00, 0x03, 0x00, 0x00, 0x00, 0x26, 0x01, 0x6d,
  0x01, 0x6e, 0x00, 0x00, 0x00, 0x00, 0x00, 0x26, 0x01, 0xb1, 0x01, 0x02,
  0x00, 0x01, 0x00, 0x05, 0x00, 0x21, 0x00, 0x68, 0x00, 0x5b, 0x00, 0x02,
  0x01, 0x62, 0x00, 0x00, 0x00, 0x16, 0x00, 0x02, 0x00, 0x00, 0x00, 0x26,
  0x01, 0x6d, 0x01, 0x70, 0x00, 0x00, 0x00, 0x00, 0x00, 0x26, 0x01, 0xb1,
  0x01, 0xb2, 0x00, 0x01, 0x01, 0x55, 0x00, 0x00, 0x00, 0x07, 0x00, 0x02,
  0xfc, 0x00, 0x1a, 0x01, 0x09, 0x01, 0x4e, 0x00, 0x00, 0x00, 0x02, 0x01,
  0xb3, 0x00, 0x00, 0x01, 0xb4, 0x01, 0xb0, 0x00, 0x02, 0x01, 0x51, 0x00,
  0x00, 0x01, 0x39, 0x00, 0x03, 0x00, 0x09, 0x00, 0x00, 0x00, 0x51, 0x2b,
  0x4d, 0x03, 0x36, 0x04, 0x2a, 0xb4, 0x00, 0x9c, 0x9e, 0x00, 0x46, 0x2a,
  0xb4, 0x00, 0x69, 0x59, 0x4e, 0xc6, 0x00, 0x3d, 0x2d, 0x3a, 0x05, 0x19,
  0x05, 0xbe, 0x36, 0x06, 0x03, 0x36, 0x07, 0x15, 0x07, 0x15, 0x06, 0xa2,
  0x00, 0x2b, 0x19, 0x05, 0x15, 0x07, 0x32, 0x3a, 0x08, 0x19, 0x08, 0xc6,
  0x00, 0x19, 0x2c, 0x15, 0x04, 0x84, 0x04, 0x01, 0x19, 0x08, 0xb4, 0x00,
  0xaa, 0x53, 0x19, 0x08, 0xb4, 0x00, 0xb1, 0x3a, 0x08, 0xa7, 0xff, 0xe8,
  0x84, 0x07, 0x01, 0xa7, 0xff, 0xd4, 0x2b, 0xb0, 0x00, 0x00, 0x00, 0x04,
  0x01, 0x52, 0x00, 0x00, 0x00, 0x26, 0x00, 0x09, 0x00, 0x00, 0x01, 0xa9,
  0x00, 0x02, 0x01, 0xab, 0x00, 0x05, 0x01, 0xac, 0x00, 0x15, 0x01, 0xad,
  0x00, 0x2e, 0x01, 0xae, 0x00, 0x33, 0x01, 0xaf, 0x00, 0x3f, 0x01, 0xae,
  0x00, 0x49, 0x01, 0xad, 0x00, 0x4f, 0x01, 0xb3, 0x01, 0x53, 0x00, 0x00,
  0x00, 0x3e, 0x00, 0x06, 0x00, 0x2e, 0x00, 0x1b, 0x01, 0x78, 0x00, 0xb3,
  0x00, 0x08, 0x00, 0x12, 0x00, 0x3d, 0x01, 0x86, 0x00, 0x6c, 0x00, 0x03,
  0x00, 0x00, 0x00, 0x51, 0x01, 0x6d, 0x01, 0x6e, 0x00, 0x00, 0x00, 0x00,
  0x00, 0x51, 0x01, 0xb1, 0x01, 0x02, 0x00, 0x01, 0x00, 0x02, 0x00, 0x4f,
  0x01, 0xb5, 0x01, 0x02, 0x00, 0x02, 0x00, 0x05, 0x00, 0x4c, 0x01, 0xb6,
  0x00, 0x5b, 0x00, 0x04, 0x01, 0x62, 0x00, 0x00, 0x00, 0x2a, 0x00, 0x04,
  0x00, 0x2e, 0x00, 0x1b, 0x01, 0x78, 0x01, 0x83, 0x00, 0x08, 0x00, 0x12,
  0x00, 0x3d, 0x01, 0x86, 0x01, 0x4f, 0x00, 0x03, 0x00, 0x00, 0x00, 0x51,
  0x01, 0x6d, 0x01, 0x70, 0x00, 0x00, 0x00, 0x00, 0x00, 0x51, 0x01, 0xb1,
  0x01, 0xb2, 0x00, 0x01, 0x01, 0x55, 0x00, 0x00, 0x00, 0x36, 0x00, 0x04,
  0xff, 0x00, 0x20, 0x00, 0x08, 0x07, 0x00, 0x28, 0x07, 0x01, 0x01, 0x07,
  0x01, 0x01, 0x07, 0x01, 0x87, 0x01, 0x07, 0x01, 0x87, 0x01, 0x01, 0x00,
  0x00, 0xfc, 0x00, 0x0d, 0x07, 0x00, 0xa3, 0xfa, 0x00, 0x1a, 0xff, 0x00,
  0x05, 0x00, 0x05, 0x07, 0x00, 0x28, 0x07, 0x01, 0x01, 0x07, 0x01, 0x01,
  0x00, 0x01, 0x00, 0x00, 0x01, 0x4e, 0x00, 0x00, 0x00, 0x02, 0x01, 0xb3,
  0x00, 0x00, 0x01, 0xb7, 0x01, 0xb0, 0x00, 0x02, 0x01, 0x51, 0x00, 0x00,
  0x01, 0x39, 0x00, 0x03, 0x00, 0x09, 0x00, 0x00, 0x00, 0x51, 0x2b, 0x4d,
  0x03, 0x36, 0x04, 0x2a, 0xb4, 0x00, 0x9c, 0x9e, 0x00, 0x46, 0x2a, 0xb4,
  0x00, 0x69, 0x59, 0x4e, 0xc6, 0x00, 0x3d, 0x2d, 0x3a, 0x05, 0x19, 0x05,
  0xbe, 0x36, 0x06, 0x03, 0x36, 0x07, 0x15, 0x07, 0x15, 0x06, 0xa2, 0x00,
  0x2b, 0x19, 0x05, 0x15, 0x07, 0x32, 0x3a, 0x08, 0x19, 0x08, 0xc6, 0x00,
  0x19, 0x2c, 0x15, 0x04, 0x84, 0x04, 0x01, 0x19, 0x08, 0xb4, 0x00, 0xa2,
  0x53, 0x19, 0x08, 0xb4, 0x00, 0xb1, 0x3a, 0x08, 0xa7, 0xff, 0xe8, 0x84,
  0x07, 0x01, 0xa7, 0xff, 0xd4, 0x2b, 0xb0, 0x00, 0x00, 0x00, 0x04, 0x01,
  0x52, 0x00, 0x00, 0x00, 0x26, 0x00, 0x09, 0x00, 0x00, 0x01, 0xb7, 0x00,
  0x02, 0x01, 0xb9, 0x00, 0x05, 0x01, 0xba, 0x00, 0x15, 0x01, 0xbb, 0x00,
  0x2e, 0x01, 0xbc, 0x00, 0x33, 0x01, 0xbd, 0x00, 0x3f, 0x01, 0xbc, 0x00,
  0x49, 0x01, 0xbb, 0x00, 0x4f, 0x01, 0xc1, 0x01, 0x53, 0x00, 0x00, 0x00,
  0x3e, 0x00, 0x06, 0x00, 0x2e, 0x00, 0x1b, 0x01, 0x78, 0x00, 0xb3, 0x00,
  0x08, 0x00, 0x12, 0x00, 0x3d, 0x01, 0x86, 0x00, 0x6c, 0x00, 0x03, 0x00,
  0x00, 0x00, 0x51, 0x01, 0x6d, 0x01, 0x6e, 0x00, 0x00, 0x00, 0x00, 0x00,
  0x51, 0x01, 0xb1, 0x01, 0x02, 0x00, 0x01, 0x00, 0x02, 0x00, 0x4f, 0x01,
  0xb5, 0x01, 0x02, 0x00, 0x02, 0x00, 0x05, 0x00, 0x4c, 0x01, 0xb6, 0x00,
  0x5b, 0x00, 0x04, 0x01, 0x62, 0x00, 0x00, 0x00, 0x2a, 0x00, 0x04, 0x00,
  0x2e, 0x00, 0x1b, 0x01, 0x78, 0x01, 0x83, 0x00, 0x08, 0x00, 0x12, 0x00,
  0x3d, 0x01, 0x86, 0x01, 0x4f, 0x00, 0x03, 0x00, 0x00, 0x00, 0x51, 0x01,
  0x6d, 0x01, 0x70, 0x00, 0x00, 0x00, 0x00, 0x00, 0x51, 0x01, 0xb1, 0x01,
  0xb2, 0x00, 0x01, 0x01, 0x55, 0x00, 0x00, 0x00, 0x36, 0x00, 0x04, 0xff,
  0x00, 0x20, 0x00, 0x08, 0x07, 0x00, 0x28, 0x07, 0x01, 0x01, 0x07, 0x01,
  0x01, 0x07, 0x01, 0x87, 0x01, 0x07, 0x01, 0x87, 0x01, 0x01, 0x00, 0x00,
  0xfc, 0x00, 0x0d, 0x07, 0x00, 0xa3, 0xfa, 0x00, 0x1a, 0xff, 0x00, 0x05,
  0x00, 0x05, 0x07, 0x00, 0x28, 0x07, 0x01, 0x01, 0x07, 0x01, 0x01, 0x00,
  0x01, 0x00, 0x00, 0x01, 0x4e, 0x00, 0x00, 0x00, 0x02, 0x01, 0xb3, 0x00,
  0x01, 0x01, 0x05, 0x01, 0xb8, 0x00, 0x02, 0x01, 0x51, 0x00, 0x00, 0x00,
  0x87, 0x00, 0x03, 0x00, 0x02, 0x00, 0x00, 0x00, 0x19, 0x2a, 0xb4, 0x01,
  0x03, 0x4c, 0x2b, 0xc7, 0x00, 0x11, 0xbb, 0x01, 0x07, 0x59, 0x2a, 0xb7,
  0x01, 0x09, 0x4c, 0x2a, 0x2b, 0xb5, 0x01, 0x03, 0x2b, 0xb0, 0x00, 0x00,
  0x00, 0x04, 0x01, 0x52, 0x00, 0x00, 0x00, 0x16, 0x00, 0x05, 0x00, 0x00,
  0x01, 0xf6, 0x00, 0x05, 0x01, 0xf7, 0x00, 0x09, 0x01, 0xf8, 0x00, 0x12,
  0x01, 0xf9, 0x00, 0x17, 0x01, 0xfb, 0x01, 0x53, 0x00, 0x00, 0x00, 0x16,
  0x00, 0x02, 0x00, 0x00, 0x00, 0x19, 0x01, 0x6d, 0x01, 0x6e, 0x00, 0x00,
  0x00, 0x05, 0x00, 0x14, 0x01, 0xb9, 0x01, 0x06, 0x00, 0x01, 0x01, 0x62,
  0x00, 0x00, 0x00, 0x16, 0x00, 0x02, 0x00, 0x00, 0x00, 0x19, 0x01, 0x6d,
  0x01, 0x70, 0x00, 0x00, 0x00, 0x05, 0x00, 0x14, 0x01, 0xb9, 0x01, 0xba,
  0x00, 0x01, 0x01, 0x55, 0x00, 0x00, 0x00, 0x08, 0x00, 0x01, 0xfc, 0x00,
  0x17, 0x07, 0x01, 0xbb, 0x01, 0x4e, 0x00, 0x00, 0x00, 0x02, 0x01, 0xbd,
  0x00, 0x01, 0x00, 0x7b, 0x00, 0x7c, 0x00, 0x02, 0x01, 0x51, 0x00, 0x00,
  0x00, 0x7d, 0x00, 0x04, 0x00, 0x02, 0x00, 0x00, 0x00, 0x1b, 0x2a, 0xb4,
  0x01, 0x0a, 0x59, 0x4c, 0xc7, 0x00, 0x13, 0x2a, 0xbb, 0x01, 0x0c, 0x59,
  0x2a, 0xb7, 0x01, 0x0e, 0x5a, 0xb5, 0x01, 0x0a, 0xa7, 0x00, 0x04, 0x2b,
  0xb0, 0x00, 0x00, 0x00, 0x04, 0x01, 0x52, 0x00, 0x00, 0x00, 0x06, 0x00,
  0x01, 0x00, 0x00, 0x02, 0x2d, 0x01, 0x53, 0x00, 0x00, 0x00, 0x16, 0x00,
  0x02, 0x00, 0x00, 0x00, 0x1b, 0x01, 0x6d, 0x01, 0x6e, 0x00, 0x00, 0x00,
  0x06, 0x00, 0x15, 0x01, 0xbe, 0x00, 0xf2, 0x00, 0x01, 0x01, 0x62, 0x00,
  0x00, 0x00, 0x16, 0x00, 0x02, 0x00, 0x00, 0x00, 0x1b, 0x01, 0x6d, 0x01,
  0x70, 0x00, 0x00, 0x00, 0x06, 0x00, 0x15, 0x01, 0xbe, 0x01, 0x50, 0x00,
  0x01, 0x01, 0x55, 0x00, 0x00, 0x00, 0x0c, 0x00, 0x02, 0xfc, 0x00, 0x19,
  0x07, 0x00, 0x7e, 0x40, 0x07, 0x00, 0x7e, 0x01, 0x4e, 0x00, 0x00, 0x00,
  0x02, 0x01, 0xbf, 0x00, 0x01, 0x01, 0xc0, 0x01, 0x1f, 0x00, 0x02, 0x01,
  0x51, 0x00, 0x00, 0x00, 0x93, 0x00, 0x02, 0x00, 0x04, 0x00, 0x00, 0x00,
  0x13, 0x2a, 0x2b, 0xb6, 0x00, 0x9e, 0x59, 0x4e, 0xc7, 0x00, 0x07, 0x2c,
  0xa7, 0x00, 0x07, 0x2d, 0xb4, 0x00, 0xa2, 0xb0, 0x00, 0x00, 0x00, 0x04,
  0x01, 0x52, 0x00, 0x00, 0x00, 0x06, 0x00, 0x01, 0x00, 0x00, 0x02, 0x65,
  0x01, 0x53, 0x00, 0x00, 0x00, 0x2a, 0x00, 0x04, 0x00, 0x00, 0x00, 0x13,
  0x01, 0x6d, 0x01, 0x6e, 0x00, 0x00, 0x00, 0x00, 0x00, 0x13, 0x00, 0xac,
  0x00, 0xa7, 0x00, 0x01, 0x00, 0x00, 0x00, 0x13, 0x01, 0xc1, 0x00, 0xa7,
  0x00, 0x02, 0x00, 0x07, 0x00, 0x0c, 0x01, 0x78, 0x00, 0xb3, 0x00, 0x03,
  0x01, 0x62, 0x00, 0x00, 0x00, 0x20, 0x00, 0x03, 0x00, 0x00, 0x00, 0x13,
  0x01, 0x6d, 0x01, 0x70, 0x00, 0x00, 0x00, 0x00, 0x00, 0x13, 0x01, 0xc1,
  0x01, 0x7e, 0x00, 0x02, 0x00, 0x07, 0x00, 0x0c, 0x01, 0x78, 0x01, 0x83,
  0x00, 0x03, 0x01, 0x55, 0x00, 0x00, 0x00, 0x0c, 0x00, 0x02, 0xfc, 0x00,
  0x0e, 0x07, 0x00, 0xa3, 0x43, 0x07, 0x00, 0x02, 0x01, 0x4e, 0x00, 0x00,
  0x00, 0x02, 0x01, 0xc2, 0x00, 0x01, 0x01, 0xc3, 0x01, 0x1f, 0x00, 0x02,
  0x01, 0x51, 0x00, 0x00, 0x00, 0x71, 0x00, 0x06, 0x00, 0x03, 0x00, 0x00,
  0x00, 0x0d, 0x2a, 0x2b, 0xb8, 0x00, 0x95, 0x2b, 0x2c, 0x04, 0x04, 0xb6,
  0x00, 0x98, 0xb0, 0x00, 0x00, 0x00, 0x03, 0x01, 0x52, 0x00, 0x00, 0x00,
  0x06, 0x00, 0x01, 0x00, 0x00, 0x02, 0x6a, 0x01, 0x53, 0x00, 0x00, 0x00,
  0x20, 0x00, 0x03, 0x00, 0x00, 0x00, 0x0d, 0x01, 0x6d, 0x01, 0x6e, 0x00,
  0x00, 0x00, 0x00, 0x00, 0x0d, 0x00, 0xac, 0x00, 0xa7, 0x00, 0x01, 0x00,
  0x00, 0x00, 0x0d, 0x00, 0xa6, 0x00, 0xa7, 0x00, 0x02, 0x01, 0x62, 0x00,
  0x00, 0x00, 0x20, 0x00, 0x03, 0x00, 0x00, 0x00, 0x0d, 0x01, 0x6d, 0x01,
  0x70, 0x00, 0x00, 0x00, 0x00, 0x00, 0x0d, 0x00, 0xac, 0x01, 0x7d, 0x00,
  0x01, 0x00, 0x00, 0x00, 0x0d, 0x00, 0xa6, 0x01, 0x7e, 0x00, 0x02, 0x01,
  0x4e, 0x00, 0x00, 0x00, 0x02, 0x01, 0x8b, 0x00, 0x01, 0x01, 0xa4, 0x01,
  0xc4, 0x00, 0x01, 0x01, 0x51, 0x00, 0x00, 0x00, 0x70, 0x00, 0x06, 0x00,
  0x03, 0x00, 0x00, 0x00, 0x15, 0x2a, 0x2b, 0xb8, 0x00, 0x95, 0x2b, 0x2c,
  0x04, 0x04, 0xb6, 0x00, 0xe4, 0xc6, 0x00, 0x07, 0x04, 0xa7, 0x00, 0x04,
  0x03, 0xac, 0x00, 0x00, 0x00, 0x04, 0x01, 0x52, 0x00, 0x00, 0x00, 0x06,
  0x00, 0x01, 0x00, 0x00, 0x02, 0x6f, 0x01, 0x53, 0x00, 0x00, 0x00, 0x20,
  0x00, 0x03, 0x00, 0x00, 0x00, 0x15, 0x01, 0x6d, 0x01, 0x6e, 0x00, 0x00,
  0x00, 0x00, 0x00, 0x15, 0x00, 0xac, 0x00, 0xa7, 0x00, 0x01, 0x00, 0x00,
  0x00, 0x15, 0x00, 0xa6, 0x00, 0xa7, 0x00, 0x02, 0x01, 0x62, 0x00, 0x00,
  0x00, 0x0c, 0x00, 0x01, 0x00, 0x00, 0x00, 0x15, 0x01, 0x6d, 0x01, 0x70,
  0x00, 0x00, 0x01, 0x55, 0x00, 0x00, 0x00, 0x05, 0x00, 0x02, 0x13, 0x40,
  0x01, 0x00, 0x01, 0x01, 0xc5, 0x01, 0xc6, 0x00, 0x02, 0x01, 0x51, 0x00,
  0x00, 0x00, 0xf9, 0x00, 0x02, 0x00, 0x06, 0x00, 0x00, 0x00, 0x35, 0x2a,
  0x2b, 0xb6, 0x00, 0x9e, 0x59, 0x3a, 0x04, 0xc6, 0x00, 0x2b, 0x19, 0x04,
  0xb4, 0x00, 0xa2, 0x59, 0x3a, 0x05, 0x2c, 0xa5, 0x00, 0x11, 0x19, 0x05,
  0xc6, 0x00, 0x1a, 0x19, 0x05, 0x2c, 0xb6, 0x00, 0xad, 0x99, 0x00, 0x11,
  0x19, 0x04, 0x2d, 0xb5, 0x00, 0xa2, 0x2a, 0x19, 0x04, 0xb6, 0x00, 0xc6,
  0x04, 0xac, 0x03, 0xac, 0x00, 0x00, 0x00, 0x04, 0x01, 0x52, 0x00, 0x00,
  0x00, 0x16, 0x00, 0x05, 0x00, 0x00, 0x02, 0x75, 0x00, 0x25, 0x02, 0x76,
  0x00, 0x2b, 0x02, 0x77, 0x00, 0x31, 0x02, 0x78, 0x00, 0x33, 0x02, 0x7a,
  0x01, 0x53, 0x00, 0x00, 0x00, 0x3e, 0x00, 0x06, 0x00, 0x13, 0x00, 0x20,
  0x01, 0xa5, 0x00, 0xa7, 0x00, 0x05, 0x00, 0x00, 0x00, 0x35, 0x01, 0x6d,
  0x01, 0x6e, 0x00, 0x00, 0x00, 0x00, 0x00, 0x35, 0x00, 0xac, 0x00, 0xa7,
  0x00, 0x01, 0x00, 0x00, 0x00, 0x35, 0x01, 0x8d, 0x00, 0xa7, 0x00, 0x02,
  0x00, 0x00, 0x00, 0x35, 0x01, 0xc7, 0x00, 0xa7, 0x00, 0x03, 0x00, 0x08,
  0x00, 0x2d, 0x01, 0x78, 0x00, 0xb3, 0x00, 0x04, 0x01, 0x62, 0x00, 0x00,
  0x00, 0x3e, 0x00, 0x06, 0x00, 0x13, 0x00, 0x20, 0x01, 0xa5, 0x01, 0x7e,
  0x00, 0x05, 0x00, 0x00, 0x00, 0x35, 0x01, 0x6d, 0x01, 0x70, 0x00, 0x00,
  0x00, 0x00, 0x00, 0x35, 0x00, 0xac, 0x01, 0x7d, 0x00, 0x01, 0x00, 0x00,
  0x00, 0x35, 0x01, 0x8d, 0x01, 0x7e, 0x00, 0x02, 0x00, 0x00, 0x00, 0x35,
  0x01, 0xc7, 0x01, 0x7e, 0x00, 0x03, 0x00, 0x08, 0x00, 0x2d, 0x01, 0x78,
  0x01, 0x83, 0x00, 0x04, 0x01, 0x55, 0x00, 0x00, 0x00, 0x0e, 0x00, 0x02,
  0xfd, 0x00, 0x25, 0x07, 0x00, 0xa3, 0x07, 0x00, 0x02, 0xfa, 0x00, 0x0d,
  0x01, 0x4e, 0x00, 0x00, 0x00, 0x02, 0x01, 0xc8, 0x00, 0x01, 0x01, 0xc5,
  0x01, 0x1f, 0x00, 0x02, 0x01, 0x51, 0x00, 0x00, 0x00, 0xcd, 0x00, 0x02,
  0x00, 0x05, 0x00, 0x00, 0x00, 0x1f, 0x2a, 0x2b, 0xb6, 0x00, 0x9e, 0x59,
  0x4e, 0xc6, 0x00, 0x16, 0x2d, 0xb4, 0x00, 0xa2, 0x3a, 0x04, 0x2d, 0x2c,
  0xb5, 0x00, 0xa2, 0x2a, 0x2d, 0xb6, 0x00, 0xc6, 0x19, 0x04, 0xb0, 0x01,
  0xb0, 0x00, 0x00, 0x00, 0x04, 0x01, 0x52, 0x00, 0x00, 0x00, 0x1a, 0x00,
  0x06, 0x00, 0x00, 0x02, 0x80, 0x00, 0x0a, 0x02, 0x81, 0x00, 0x10, 0x02,
  0x82, 0x00, 0x15, 0x02, 0x83, 0x00, 0x1a, 0x02, 0x84, 0x00, 0x1d, 0x02,
  0x86, 0x01, 0x53, 0x00, 0x00, 0x00, 0x34, 0x00, 0x05, 0x00, 0x10, 0x00,
  0x0d, 0x01, 0x8d, 0x00, 0xa7, 0x00, 0x04, 0x00, 0x00, 0x00, 0x1f, 0x01,
  0x6d, 0x01, 0x6e, 0x00, 0x00, 0x00, 0x00, 0x00, 0x1f, 0x00, 0xac, 0x00,
  0xa7, 0x00, 0x01, 0x00, 0x00, 0x00, 0x1f, 0x00, 0xa6, 0x00, 0xa7, 0x00,
  0x02, 0x00, 0x07, 0x00, 0x18, 0x01, 0x78, 0x00, 0xb3, 0x00, 0x03, 0x01,
  0x62, 0x00, 0x00, 0x00, 0x34, 0x00, 0x05, 0x00, 0x10, 0x00, 0x0d, 0x01,
  0x8d, 0x01, 0x7e, 0x00, 0x04, 0x00, 0x00, 0x00, 0x1f, 0x01, 0x6d, 0x01,
  0x70, 0x00, 0x00, 0x00, 0x00, 0x00, 0x1f, 0x00, 0xac, 0x01, 0x7d, 0x00,
  0x01, 0x00, 0x00, 0x00, 0x1f, 0x00, 0xa6, 0x01, 0x7e, 0x00, 0x02, 0x00,
  0x07, 0x00, 0x18, 0x01, 0x78, 0x01, 0x83, 0x00, 0x03, 0x01, 0x55, 0x00,
  0x00, 0x00, 0x08, 0x00, 0x01, 0xfc, 0x00, 0x1d, 0x07, 0x00, 0xa3, 0x01,
  0x4e, 0x00, 0x00, 0x00, 0x02, 0x01, 0x8b, 0x00, 0x01, 0x01, 0xc9, 0x01,
  0xca, 0x00, 0x02, 0x01, 0x51, 0x00, 0x00, 0x03, 0xb3, 0x00, 0x07, 0x00,
  0x0d, 0x00, 0x00, 0x01, 0x4a, 0x2c, 0xc7, 0x00, 0x0b, 0xbb, 0x01, 0x0f,
  0x59, 0xb7, 0x01, 0x11, 0xbf, 0x2b, 0xb8, 0x00, 0x95, 0x3e, 0x03, 0x36,
  0x08, 0x01, 0x3a, 0x09, 0x01, 0x3a, 0x0a, 0x2a, 0xb4, 0x00, 0x9c, 0x2a,
  0xb4, 0x00, 0x58, 0xa3, 0x00, 0x16, 0x2a, 0xb4, 0x00, 0x69, 0x59, 0x3a,
  0x04, 0xc6, 0x00, 0x0c, 0x19, 0x04, 0xbe, 0x59, 0x36, 0x06, 0x9a, 0x00,
  0x0d, 0x2a, 0xb6, 0x00, 0x75, 0x59, 0x3a, 0x04, 0xbe, 0x36, 0x06, 0x19,
  0x04, 0x15, 0x06, 0x04, 0x64, 0x1d, 0x7e, 0x59, 0x36, 0x07, 0x32, 0x59,
  0x3a, 0x05, 0xc6, 0x00, 0x71, 0x19, 0x05, 0xc1, 0x00, 0xb4, 0x99, 0x00,
  0x15, 0x19, 0x05, 0xc0, 0x00, 0xb4, 0x59, 0x3a, 0x09, 0x1d, 0x2b, 0xb6,
  0x00, 0xb6, 0x3a, 0x0a, 0xa7, 0x00, 0x3e, 0x19, 0x05, 0x3a, 0x0b, 0x19,
  0x0b, 0xb4, 0x00, 0xa8, 0x1d, 0xa0, 0x00, 0x23, 0x19, 0x0b, 0xb4, 0x00,
  0xaa, 0x59, 0x3a, 0x0c, 0x2b, 0xa5, 0x00, 0x10, 0x2b, 0xc6, 0x00, 0x13,
  0x2b, 0x19, 0x0c, 0xb6, 0x00, 0xad, 0x99, 0x00, 0x0a, 0x19, 0x0b, 0x3a,
  0x0a, 0xa7, 0x00, 0x11, 0x84, 0x08, 0x01, 0x19, 0x0b, 0xb4, 0x00, 0xb1,
  0x59, 0x3a, 0x0b, 0xc7, 0xff, 0xcc, 0x19, 0x0a, 0xc6, 0x00, 0x17, 0x19,
  0x0a, 0xb4, 0x00, 0xa2, 0x59, 0x3a, 0x0b, 0xc6, 0x00, 0x0c, 0x2a, 0x19,
  0x0a, 0xb6, 0x00, 0xc6, 0x19, 0x0b, 0xb0, 0x2a, 0xb4, 0x00, 0xca, 0x36,
  0x0b, 0x2c, 0x2b, 0xb9, 0x01, 0x12, 0x02, 0x00, 0x3a, 0x0c, 0x15, 0x0b,
  0x2a, 0xb4, 0x00, 0xca, 0x9f, 0x00, 0x0b, 0xbb, 0x01, 0x18, 0x59, 0xb7,
  0x01, 0x1a, 0xbf, 0x19, 0x0c, 0xc7, 0x00, 0x05, 0x01, 0xb0, 0x19, 0x0a,
  0xc6, 0x00, 0x13, 0x19, 0x0a, 0x19, 0x0c, 0xb5, 0x00, 0xa2, 0x2a, 0x19,
  0x0a, 0xb6, 0x00, 0xc6, 0x19, 0x0c, 0xb0, 0x19, 0x09, 0xc6, 0x00, 0x13,
  0x19, 0x09, 0x2a, 0x19, 0x04, 0x1d, 0x2b, 0x19, 0x0c, 0xb6, 0x00, 0xbe,
  0x57, 0xa7, 0x00, 0x20, 0x19, 0x04, 0x15, 0x07, 0x2a, 0x1d, 0x2b, 0x19,
  0x0c, 0x19, 0x05, 0xb6, 0x00, 0xba, 0x53, 0x15, 0x08, 0x10, 0x07, 0xa1,
  0x00, 0x0a, 0x2a, 0x19, 0x04, 0x1d, 0xb6, 0x00, 0xc2, 0x2a, 0x15, 0x0b,
  0x04, 0x60, 0xb5, 0x00, 0xca, 0x2a, 0x59, 0xb4, 0x00, 0x9c, 0x04, 0x60,
  0xb5, 0x00, 0x9c, 0x2a, 0x04, 0xb6, 0x00, 0xcd, 0x19, 0x0c, 0xb0, 0x00,
  0x00, 0x00, 0x04, 0x01, 0x52, 0x00, 0x00, 0x00, 0x9a, 0x00, 0x26, 0x00,
  0x00, 0x02, 0x8b, 0x00, 0x04, 0x02, 0x8c, 0x00, 0x0c, 0x02, 0x8d, 0x00,
  0x11, 0x02, 0x8f, 0x00, 0x14, 0x02, 0x90, 0x00, 0x17, 0x02, 0x91, 0x00,
  0x1a, 0x02, 0x92, 0x00, 0x38, 0x02, 0x93, 0x00, 0x42, 0x02, 0x94, 0x00,
  0x54, 0x02, 0x95, 0x00, 0x5c, 0x02, 0x96, 0x00, 0x6e, 0x02, 0x98, 0x00,
  0x72, 0x02, 0x9a, 0x00, 0x94, 0x02, 0x9b, 0x00, 0x98, 0x02, 0x9c, 0x00,
  0x9b, 0x02, 0x9e, 0x00, 0x9e, 0x02, 0x9f, 0x00, 0xa9, 0x02, 0xa2, 0x00,
  0xb9, 0x02, 0xa3, 0x00, 0xbf, 0x02, 0xa4, 0x00, 0xc2, 0x02, 0xa7, 0x00,
  0xc8, 0x02, 0xa8, 0x00, 0xd1, 0x02, 0xa9, 0x00, 0xe2, 0x02, 0xaa, 0x00,
  0xe7, 0x02, 0xab, 0x00, 0xe9, 0x02, 0xad, 0x00, 0xee, 0x02, 0xae, 0x00,
  0xf5, 0x02, 0xaf, 0x00, 0xfb, 0x02, 0xb0, 0x00, 0xfe, 0x02, 0xb2, 0x01,
  0x03, 0x02, 0xb3, 0x01, 0x13, 0x02, 0xb5, 0x01, 0x22, 0x02, 0xb6, 0x01,
  0x29, 0x02, 0xb7, 0x01, 0x30, 0x02, 0xb9, 0x01, 0x38, 0x02, 0xba, 0x01,
  0x42, 0x02, 0xbb, 0x01, 0x47, 0x02, 0xbc, 0x01, 0x53, 0x00, 0x00, 0x00,
  0xb6, 0x00, 0x12, 0x00, 0x2c, 0x00, 0x0c, 0x01, 0x86, 0x00, 0x6c, 0x00,
  0x04, 0x00, 0x35, 0x00, 0x03, 0x01, 0x6c, 0x00, 0x5b, 0x00, 0x06, 0x00,
  0x83, 0x00, 0x18, 0x01, 0x69, 0x00, 0xa7, 0x00, 0x0c, 0x00, 0x72, 0x00,
  0x37, 0x01, 0x78, 0x00, 0xb3, 0x00, 0x0b, 0x00, 0xb6, 0x00, 0x0c, 0x01,
  0x8d, 0x00, 0xa7, 0x00, 0x0b, 0x00, 0x00, 0x01, 0x4a, 0x01, 0x6d, 0x01,
  0x6e, 0x00, 0x00, 0x00, 0x00, 0x01, 0x4a, 0x00, 0xac, 0x00, 0xa7, 0x00,
  0x01, 0x00, 0x00, 0x01, 0x4a, 0x01, 0xcb, 0x01, 0xcc, 0x00, 0x02, 0x00,
  0x11, 0x01, 0x39, 0x00, 0x97, 0x00, 0x5b, 0x00, 0x03, 0x00, 0x3f, 0x01,
  0x0b, 0x01, 0x86, 0x00, 0x6c, 0x00, 0x04, 0x00, 0x51, 0x00, 0xf9, 0x01,
  0x85, 0x00, 0xb3, 0x00, 0x05, 0x00, 0x42, 0x01, 0x08, 0x01, 0x6c, 0x00,
  0x5b, 0x00, 0x06, 0x00, 0x4d, 0x00, 0xfd, 0x01, 0x8f, 0x00, 0x5b, 0x00,
  0x07, 0x00, 0x14, 0x01, 0x36, 0x01, 0x8c, 0x00, 0x5b, 0x00, 0x08, 0x00,
  0x17, 0x01, 0x33, 0x01, 0x5c, 0x00, 0xde, 0x00, 0x09, 0x00, 0x1a, 0x01,
  0x30, 0x01, 0xcd, 0x00, 0xb3, 0x00, 0x0a, 0x00, 0xc8, 0x00, 0x82, 0x01,
  0xce, 0x00, 0x5b, 0x00, 0x0b, 0x00, 0xd1, 0x00, 0x79, 0x01, 0xa5, 0x00,
  0xa7, 0x00, 0x0c, 0x01, 0x62, 0x00, 0x00, 0x00, 0x7a, 0x00, 0x0c, 0x00,
  0x2c, 0x00, 0x0c, 0x01, 0x86, 0x01, 0x4f, 0x00, 0x04, 0x00, 0x83, 0x00,
  0x18, 0x01, 0x69, 0x01, 0x7d, 0x00, 0x0c, 0x00, 0x72, 0x00, 0x37, 0x01,
  0x78, 0x01, 0x83, 0x00, 0x0b, 0x00, 0xb6, 0x00, 0x0c, 0x01, 0x8d, 0x01,
  0x7e, 0x00, 0x0b, 0x00, 0x00, 0x01, 0x4a, 0x01, 0x6d, 0x01, 0x70, 0x00,
  0x00, 0x00, 0x00, 0x01, 0x4a, 0x00, 0xac, 0x01, 0x7d, 0x00, 0x01, 0x00,
  0x00, 0x01, 0x4a, 0x01, 0xcb, 0x01, 0xcf, 0x00, 0x02, 0x00, 0x3f, 0x01,
  0x0b, 0x01, 0x86, 0x01, 0x4f, 0x00, 0x04, 0x00, 0x51, 0x00, 0xf9, 0x01,
  0x85, 0x01, 0x83, 0x00, 0x05, 0x00, 0x17, 0x01, 0x33, 0x01, 0x5c, 0x01,
  0xa1, 0x00, 0x09, 0x00, 0x1a, 0x01, 0x30, 0x01, 0xcd, 0x01, 0x83, 0x00,
  0x0a, 0x00, 0xd1, 0x00, 0x79, 0x01, 0xa5, 0x01, 0x7e, 0x00, 0x0c, 0x01,
  0x55, 0x00, 0x00, 0x00, 0x7b, 0x00, 0x0e, 0x0c, 0xff, 0x00, 0x2b, 0x00,
  0x0b, 0x07, 0x00, 0x28, 0x07, 0x00, 0x02, 0x07, 0x01, 0x13, 0x01, 0x00,
  0x00, 0x00, 0x00, 0x01, 0x07, 0x00, 0xb4, 0x07, 0x00, 0xa3, 0x00, 0x00,
  0xff, 0x00, 0x09, 0x00, 0x0b, 0x07, 0x00, 0x28, 0x07, 0x00, 0x02, 0x07,
  0x01, 0x13, 0x01, 0x07, 0x01, 0x87, 0x00, 0x01, 0x00, 0x01, 0x07, 0x00,
  0xb4, 0x07, 0x00, 0xa3, 0x00, 0x00, 0xff, 0x00, 0x2b, 0x00, 0x0b, 0x07,
  0x00, 0x28, 0x07, 0x00, 0x02, 0x07, 0x01, 0x13, 0x01, 0x07, 0x01, 0x87,
  0x07, 0x00, 0xa3, 0x01, 0x01, 0x01, 0x07, 0x00, 0xb4, 0x07, 0x00, 0xa3,
  0x00, 0x00, 0xfc, 0x00, 0x03, 0x07, 0x00, 0xa3, 0xfc, 0x00, 0x21, 0x07,
  0x00, 0x02, 0xfa, 0x00, 0x06, 0xfa, 0x00, 0x0d, 0x18, 0xfd, 0x00, 0x1f,
  0x01, 0x07, 0x00, 0x02, 0x06, 0x14, 0x14, 0x1c, 0x01, 0x4e, 0x00, 0x00,
  0x00, 0x02, 0x01, 0xd0, 0x00, 0x01, 0x01, 0xd1, 0x01, 0xd2, 0x00, 0x02,
  0x01, 0x51, 0x00, 0x00, 0x01, 0x73, 0x00, 0x06, 0x00, 0x08, 0x00, 0x00,
  0x00, 0x68, 0x2c, 0xc7, 0x00, 0x0b, 0xbb, 0x01, 0x0f, 0x59, 0xb7, 0x01,
  0x11, 0xbf, 0x2a, 0x2b, 0xb6, 0x00, 0x9e, 0x59, 0x4e, 0xc6, 0x00, 0x53,
  0x2d, 0xb4, 0x00, 0xa2, 0x59, 0x3a, 0x04, 0xc6, 0x00, 0x49, 0x2a, 0xb4,
  0x00, 0xca, 0x36, 0x05, 0x2c, 0x2b, 0x19, 0x04, 0xb9, 0x01, 0x1b, 0x03,
  0x00, 0x3a, 0x06, 0x15, 0x05, 0x2a, 0xb4, 0x00, 0xca, 0x9f, 0x00, 0x0b,
  0xbb, 0x01, 0x18, 0x59, 0xb7, 0x01, 0x1a, 0xbf, 0x19, 0x06, 0xc6, 0x00,
  0x11, 0x2d, 0x19, 0x06, 0xb5, 0x00, 0xa2, 0x2a, 0x2d, 0xb6, 0x00, 0xc6,
  0x19, 0x06, 0xb0, 0x2b, 0xb8, 0x00, 0x95, 0x36, 0x07, 0x2a, 0x15, 0x07,
  0x2b, 0x01, 0x03, 0x04, 0xb6, 0x00, 0xe4, 0x57, 0x01, 0xb0, 0x00, 0x00,
  0x00, 0x04, 0x01, 0x52, 0x00, 0x00, 0x00, 0x36, 0x00, 0x0d, 0x00, 0x00,
  0x02, 0xc1, 0x00, 0x04, 0x02, 0xc2, 0x00, 0x0c, 0x02, 0xc4, 0x00, 0x20,
  0x02, 0xc5, 0x00, 0x26, 0x02, 0xc6, 0x00, 0x31, 0x02, 0xc7, 0x00, 0x42,
  0x02, 0xc8, 0x00, 0x47, 0x02, 0xc9, 0x00, 0x4d, 0x02, 0xca, 0x00, 0x52,
  0x02, 0xcb, 0x00, 0x55, 0x02, 0xce, 0x00, 0x5b, 0x02, 0xcf, 0x00, 0x66,
  0x02, 0xd2, 0x01, 0x53, 0x00, 0x00, 0x00, 0x52, 0x00, 0x08, 0x00, 0x5b,
  0x00, 0x0b, 0x00, 0x97, 0x00, 0x5b, 0x00, 0x07, 0x00, 0x26, 0x00, 0x40,
  0x01, 0xce, 0x00, 0x5b, 0x00, 0x05, 0x00, 0x31, 0x00, 0x35, 0x01, 0xa5,
  0x00, 0xa7, 0x00, 0x06, 0x00, 0x1d, 0x00, 0x49, 0x01, 0x8d, 0x00, 0xa7,
  0x00, 0x04, 0x00, 0x00, 0x00, 0x68, 0x01, 0x6d, 0x01, 0x6e, 0x00, 0x00,
  0x00, 0x00, 0x00, 0x68, 0x00, 0xac, 0x00, 0xa7, 0x00, 0x01, 0x00, 0x00,
  0x00, 0x68, 0x01, 0xd3, 0x01, 0xd4, 0x00, 0x02, 0x00, 0x13, 0x00, 0x55,
  0x01, 0x78, 0x00, 0xb3, 0x00, 0x03, 0x01, 0x62, 0x00, 0x00, 0x00, 0x3e,
  0x00, 0x06, 0x00, 0x31, 0x00, 0x35, 0x01, 0xa5, 0x01, 0x7e, 0x00, 0x06,
  0x00, 0x1d, 0x00, 0x49, 0x01, 0x8d, 0x01, 0x7e, 0x00, 0x04, 0x00, 0x00,
  0x00, 0x68, 0x01, 0x6d, 0x01, 0x70, 0x00, 0x00, 0x00, 0x00, 0x00, 0x68,
  0x00, 0xac, 0x01, 0x7d, 0x00, 0x01, 0x00, 0x00, 0x00, 0x68, 0x01, 0xd3,
  0x01, 0xd5, 0x00, 0x02, 0x00, 0x13, 0x00, 0x55, 0x01, 0x78, 0x01, 0x83,
  0x00, 0x03, 0x01, 0x55, 0x00, 0x00, 0x00, 0x21, 0x00, 0x04, 0x0c, 0xff,
  0x00, 0x35, 0x00, 0x07, 0x07, 0x00, 0x28, 0x07, 0x00, 0x02, 0x07, 0x01,
  0x1c, 0x07, 0x00, 0xa3, 0x07, 0x00, 0x02, 0x01, 0x07, 0x00, 0x02, 0x00,
  0x00, 0x12, 0xf8, 0x00, 0x10, 0x01, 0x4e, 0x00, 0x00, 0x00, 0x02, 0x01,
  0xd6, 0x00, 0x01, 0x01, 0xd7, 0x01, 0xd2, 0x00, 0x02, 0x01, 0x51, 0x00,
  0x00, 0x03, 0xbc, 0x00, 0x07, 0x00, 0x0e, 0x00, 0x00, 0x01, 0x53, 0x2c,
  0xc7, 0x00, 0x0b, 0xbb, 0x01, 0x0f, 0x59, 0xb7, 0x01, 0x11, 0xbf, 0x2b,
  0xb8, 0x00, 0x95, 0x3e, 0x03, 0x36, 0x08, 0x01, 0x3a, 0x09, 0x01, 0x3a,
  0x0a, 0x2a, 0xb4, 0x00, 0x9c, 0x2a, 0xb4, 0x00, 0x58, 0xa3, 0x00, 0x16,
  0x2a, 0xb4, 0x00, 0x69, 0x59, 0x3a, 0x04, 0xc6, 0x00, 0x0c, 0x19, 0x04,
  0xbe, 0x59, 0x36, 0x06, 0x9a, 0x00, 0x0d, 0x2a, 0xb6, 0x00, 0x75, 0x59,
  0x3a, 0x04, 0xbe, 0x36, 0x06, 0x19, 0x04, 0x15, 0x06, 0x04, 0x64, 0x1d,
  0x7e, 0x59, 0x36, 0x07, 0x32, 0x59, 0x3a, 0x05, 0xc6, 0x00, 0x58, 0x19,
  0x05, 0xc1, 0x00, 0xb4, 0x99, 0x00, 0x15, 0x19, 0x05, 0xc0, 0x00, 0xb4,
  0x59, 0x3a, 0x09, 0x1d, 0x2b, 0xb6, 0x00, 0xb6, 0x3a, 0x0a, 0xa7, 0x00,
  0x3e, 0x19, 0x05, 0x3a, 0x0b, 0x19, 0x0b, 0xb4, 0x00, 0xa8, 0x1d, 0xa0,
  0x00, 0x23, 0x19, 0x0b, 0xb4, 0x00, 0xaa, 0x59, 0x3a, 0x0c, 0x2b, 0xa5,
  0x00, 0x10, 0x2b, 0xc6, 0x00, 0x13, 0x2b, 0x19, 0x0c, 0xb6, 0x00, 0xad,
  0x99, 0x00, 0x0a, 0x19, 0x0b, 0x3a, 0x0a, 0xa7, 0x00, 0x11, 0x84, 0x08,
  0x01, 0x19, 0x0b, 0xb4, 0x00, 0xb1, 0x59, 0x3a, 0x0b, 0xc7, 0xff, 0xcc,
  0x19, 0x0a, 0xc7, 0x00, 0x07, 0x01, 0xa7, 0x00, 0x08, 0x19, 0x0a, 0xb4,
  0x00, 0xa2, 0x3a, 0x0b, 0x2a, 0xb4, 0x00, 0xca, 0x36, 0x0c, 0x2c, 0x2b,
  0x19, 0x0b, 0xb9, 0x01, 0x1b, 0x03, 0x00, 0x3a, 0x0d, 0x15, 0x0c, 0x2a,
  0xb4, 0x00, 0xca, 0x9f, 0x00, 0x0b, 0xbb, 0x01, 0x18, 0x59, 0xb7, 0x01,
  0x1a, 0xbf, 0x19, 0x0a, 0xc6, 0x00, 0x25, 0x19, 0x0d, 0xc6, 0x00, 0x13,
  0x19, 0x0a, 0x19, 0x0d, 0xb5, 0x00, 0xa2, 0x2a, 0x19, 0x0a, 0xb6, 0x00,
  0xc6, 0xa7, 0x00, 0x5e, 0x2a, 0x1d, 0x2b, 0x01, 0x03, 0x04, 0xb6, 0x00,
  0xe4, 0x57, 0xa7, 0x00, 0x51, 0x19, 0x0d, 0xc6, 0x00, 0x4c, 0x19, 0x09,
  0xc6, 0x00, 0x13, 0x19, 0x09, 0x2a, 0x19, 0x04, 0x1d, 0x2b, 0x19, 0x0d,
  0xb6, 0x00, 0xbe, 0x57, 0xa7, 0x00, 0x20, 0x19, 0x04, 0x15, 0x07, 0x2a,
  0x1d, 0x2b, 0x19, 0x0d, 0x19, 0x05, 0xb6, 0x00, 0xba, 0x53, 0x15, 0x08,
  0x10, 0x07, 0xa1, 0x00, 0x0a, 0x2a, 0x19, 0x04, 0x1d, 0xb6, 0x00, 0xc2,
  0x2a, 0x15, 0x0c, 0x04, 0x60, 0xb5, 0x00, 0xca, 0x2a, 0x59, 0xb4, 0x00,
  0x9c, 0x04, 0x60, 0xb5, 0x00, 0x9c, 0x2a, 0x04, 0xb6, 0x00, 0xcd, 0x19,
  0x0d, 0xb0, 0x00, 0x00, 0x00, 0x04, 0x01, 0x52, 0x00, 0x00, 0x00, 0x92,
  0x00, 0x24, 0x00, 0x00, 0x02, 0xd7, 0x00, 0x04, 0x02, 0xd8, 0x00, 0x0c,
  0x02, 0xd9, 0x00, 0x11, 0x02, 0xdb, 0x00, 0x14, 0x02, 0xdc, 0x00, 0x17,
  0x02, 0xdd, 0x00, 0x1a, 0x02, 0xde, 0x00, 0x38, 0x02, 0xdf, 0x00, 0x42,
  0x02, 0xe0, 0x00, 0x54, 0x02, 0xe1, 0x00, 0x5c, 0x02, 0xe2, 0x00, 0x6e,
  0x02, 0xe4, 0x00, 0x72, 0x02, 0xe6, 0x00, 0x94, 0x02, 0xe7, 0x00, 0x98,
  0x02, 0xe8, 0x00, 0x9b, 0x02, 0xea, 0x00, 0x9e, 0x02, 0xeb, 0x00, 0xa9,
  0x02, 0xee, 0x00, 0xb9, 0x02, 0xef, 0x00, 0xbf, 0x02, 0xf0, 0x00, 0xca,
  0x02, 0xf1, 0x00, 0xdb, 0x02, 0xf2, 0x00, 0xe0, 0x02, 0xf3, 0x00, 0xe5,
  0x02, 0xf4, 0x00, 0xec, 0x02, 0xf5, 0x00, 0xf5, 0x02, 0xf8, 0x01, 0x02,
  0x02, 0xfa, 0x01, 0x07, 0x02, 0xfb, 0x01, 0x0c, 0x02, 0xfc, 0x01, 0x1c,
  0x02, 0xfe, 0x01, 0x2b, 0x02, 0xff, 0x01, 0x32, 0x03, 0x00, 0x01, 0x39,
  0x03, 0x02, 0x01, 0x41, 0x03, 0x03, 0x01, 0x4b, 0x03, 0x04, 0x01, 0x50,
  0x03, 0x06, 0x01, 0x53, 0x00, 0x00, 0x00, 0xb6, 0x00, 0x12, 0x00, 0x2c,
  0x00, 0x0c, 0x01, 0x86, 0x00, 0x6c, 0x00, 0x04, 0x00, 0x35, 0x00, 0x03,
  0x01, 0x6c, 0x00, 0x5b, 0x00, 0x06, 0x00, 0x83, 0x00, 0x18, 0x01, 0x69,
  0x00, 0xa7, 0x00, 0x0c, 0x00, 0x72, 0x00, 0x37, 0x01, 0x78, 0x00, 0xb3,
  0x00, 0x0b, 0x00, 0x00, 0x01, 0x53, 0x01, 0x6d, 0x01, 0x6e, 0x00, 0x00,
  0x00, 0x00, 0x01, 0x53, 0x00, 0xac, 0x00, 0xa7, 0x00, 0x01, 0x00, 0x00,
  0x01, 0x53, 0x01, 0xd3, 0x01, 0xd4, 0x00, 0x02, 0x00, 0x11, 0x01, 0x42,
  0x00, 0x97, 0x00, 0x5b, 0x00, 0x03, 0x00, 0x3f, 0x01, 0x14, 0x01, 0x86,
  0x00, 0x6c, 0x00, 0x04, 0x00, 0x51, 0x01, 0x02, 0x01, 0x85, 0x00, 0xb3,
  0x00, 0x05, 0x00, 0x42, 0x01, 0x11, 0x01, 0x6c, 0x00, 0x5b, 0x00, 0x06,
  0x00, 0x4d, 0x01, 0x06, 0x01, 0x8f, 0x00, 0x5b, 0x00, 0x07, 0x00, 0x14,
  0x01, 0x3f, 0x01, 0x8c, 0x00, 0x5b, 0x00, 0x08, 0x00, 0x17, 0x01, 0x3c,
  0x01, 0x5c, 0x00, 0xde, 0x00, 0x09, 0x00, 0x1a, 0x01, 0x39, 0x01, 0xcd,
  0x00, 0xb3, 0x00, 0x0a, 0x00, 0xb9, 0x00, 0x9a, 0x01, 0x8d, 0x00, 0xa7,
  0x00, 0x0b, 0x00, 0xbf, 0x00, 0x94, 0x01, 0xce, 0x00, 0x5b, 0x00, 0x0c,
  0x00, 0xca, 0x00, 0x89, 0x01, 0xa5, 0x00, 0xa7, 0x00, 0x0d, 0x01, 0x62,
  0x00, 0x00, 0x00, 0x7a, 0x00, 0x0c, 0x00, 0x2c, 0x00, 0x0c, 0x01, 0x86,
  0x01, 0x4f, 0x00, 0x04, 0x00, 0x83, 0x00, 0x18, 0x01, 0x69, 0x01, 0x7d,
  0x00, 0x0c, 0x00, 0x72, 0x00, 0x37, 0x01, 0x78, 0x01, 0x83, 0x00, 0x0b,
  0x00, 0x00, 0x01, 0x53, 0x01, 0x6d, 0x01, 0x70, 0x00, 0x00, 0x00, 0x00,
  0x01, 0x53, 0x00, 0xac, 0x01, 0x7d, 0x00, 0x01, 0x00, 0x00, 0x01, 0x53,
  0x01, 0xd3, 0x01, 0xd5, 0x00, 0x02, 0x00, 0x3f, 0x01, 0x14, 0x01, 0x86,
  0x01, 0x4f, 0x00, 0x04, 0x00, 0x51, 0x01, 0x02, 0x01, 0x85, 0x01, 0x83,
  0x00, 0x05, 0x00, 0x17, 0x01, 0x3c, 0x01, 0x5c, 0x01, 0xa1, 0x00, 0x09,
  0x00, 0x1a, 0x01, 0x39, 0x01, 0xcd, 0x01, 0x83, 0x00, 0x0a, 0x00, 0xb9,
  0x00, 0x9a, 0x01, 0x8d, 0x01, 0x7e, 0x00, 0x0b, 0x00, 0xca, 0x00, 0x89,
  0x01, 0xa5, 0x01, 0x7e, 0x00, 0x0d, 0x01, 0x55, 0x00, 0x00, 0x00, 0x83,
  0x00, 0x10, 0x0c, 0xff, 0x00, 0x2b, 0x00, 0x0b, 0x07, 0x00, 0x28, 0x07,
  0x00, 0x02, 0x07, 0x01, 0x1c, 0x01, 0x00, 0x00, 0x00, 0x00, 0x01, 0x07,
  0x00, 0xb4, 0x07, 0x00, 0xa3, 0x00, 0x00, 0xff, 0x00, 0x09, 0x00, 0x0b,
  0x07, 0x00, 0x28, 0x07, 0x00, 0x02, 0x07, 0x01, 0x1c, 0x01, 0x07, 0x01,
  0x87, 0x00, 0x01, 0x00, 0x01, 0x07, 0x00, 0xb4, 0x07, 0x00, 0xa3, 0x00,
  0x00, 0xff, 0x00, 0x2b, 0x00, 0x0b, 0x07, 0x00, 0x28, 0x07, 0x00, 0x02,
  0x07, 0x01, 0x1c, 0x01, 0x07, 0x01, 0x87, 0x07, 0x00, 0xa3, 0x01, 0x01,
  0x01, 0x07, 0x00, 0xb4, 0x07, 0x00, 0xa3, 0x00, 0x00, 0xfc, 0x00, 0x03,
  0x07, 0x00, 0xa3, 0xfc, 0x00, 0x21, 0x07, 0x00, 0x02, 0xfa, 0x00, 0x06,
  0xfa, 0x00, 0x0d, 0x08, 0x44, 0x07, 0x00, 0x02, 0xfe, 0x00, 0x23, 0x07,
  0x00, 0x02, 0x01, 0x07, 0x00, 0x02, 0x19, 0x0c, 0x19, 0x1c, 0x16, 0x01,
  0x4e, 0x00, 0x00, 0x00, 0x02, 0x01, 0xd6, 0x00, 0x01, 0x01, 0xd8, 0x01,
  0xd9, 0x00, 0x02, 0x01, 0x51, 0x00, 0x00, 0x03, 0xef, 0x00, 0x07, 0x00,
  0x0e, 0x00, 0x00, 0x01, 0x5a, 0x2c, 0xc6, 0x00, 0x07, 0x2d, 0xc7, 0x00,
  0x0b, 0xbb, 0x01, 0x0f, 0x59, 0xb7, 0x01, 0x11, 0xbf, 0x2b, 0xb8, 0x00,
  0x95, 0x36, 0x04, 0x03, 0x36, 0x09, 0x01, 0x3a, 0x0a, 0x01, 0x3a, 0x0b,
  0x2a, 0xb4, 0x00, 0x9c, 0x2a, 0xb4, 0x00, 0x58, 0xa3, 0x00, 0x16, 0x2a,
  0xb4, 0x00, 0x69, 0x59, 0x3a, 0x05, 0xc6, 0x00, 0x0c, 0x19, 0x05, 0xbe,
  0x59, 0x36, 0x07, 0x9a, 0x00, 0x0d, 0x2a, 0xb6, 0x00, 0x75, 0x59, 0x3a,
  0x05, 0xbe, 0x36, 0x07, 0x19, 0x05, 0x15, 0x07, 0x04, 0x64, 0x15, 0x04,
  0x7e, 0x59, 0x36, 0x08, 0x32, 0x59, 0x3a, 0x06, 0xc6, 0x00, 0x5a, 0x19,
  0x06, 0xc1, 0x00, 0xb4, 0x99, 0x00, 0x16, 0x19, 0x06, 0xc0, 0x00, 0xb4,
  0x59, 0x3a, 0x0a, 0x15, 0x04, 0x2b, 0xb6, 0x00, 0xb6, 0x3a, 0x0b, 0xa7,
  0x00, 0x3f, 0x19, 0x06, 0x3a, 0x0c, 0x19, 0x0c, 0xb4, 0x00, 0xa8, 0x15,
  0x04, 0xa0, 0x00, 0x23, 0x19, 0x0c, 0xb4, 0x00, 0xaa, 0x59, 0x3a, 0x0d,
  0x2b, 0xa5, 0x00, 0x10, 0x2b, 0xc6, 0x00, 0x13, 0x2b, 0x19, 0x0d, 0xb6,
  0x00, 0xad, 0x99, 0x00, 0x0a, 0x19, 0x0c, 0x3a, 0x0b, 0xa7, 0x00, 0x11,
  0x84, 0x09, 0x01, 0x19, 0x0c, 0xb4, 0x00, 0xb1, 0x59, 0x3a, 0x0c, 0xc7,
  0xff, 0xcb, 0x19, 0x0b, 0xc6, 0x00, 0x59, 0x19, 0x0b, 0xb4, 0x00, 0xa2,
  0xc6, 0x00, 0x2b, 0x2a, 0xb4, 0x00, 0xca, 0x36, 0x0d, 0x2d, 0x19, 0x0b,
  0xb4, 0x00, 0xa2, 0x2c, 0xb9, 0x01, 0x1b, 0x03, 0x00, 0x3a, 0x0c, 0x15,
  0x0d, 0x2a, 0xb4, 0x00, 0xca, 0x9f, 0x00, 0x0b, 0xbb, 0x01, 0x18, 0x59,
  0xb7, 0x01, 0x1a, 0xbf, 0xa7, 0x00, 0x06, 0x2c, 0x3a, 0x0c, 0x19, 0x0c,
  0xc6, 0x00, 0x13, 0x19, 0x0b, 0x19, 0x0c, 0xb5, 0x00, 0xa2, 0x2a, 0x19,
  0x0b, 0xb6, 0x00, 0xc6, 0xa7, 0x00, 0x0e, 0x2a, 0x15, 0x04, 0x2b, 0x01,
  0x03, 0x04, 0xb6, 0x00, 0xe4, 0x57, 0x19, 0x0c, 0xb0, 0x19, 0x0a, 0xc6,
  0x00, 0x13, 0x19, 0x0a, 0x2a, 0x19, 0x05, 0x15, 0x04, 0x2b, 0x2c, 0xb6,
  0x00, 0xbe, 0x57, 0xa7, 0x00, 0x21, 0x19, 0x05, 0x15, 0x08, 0x2a, 0x15,
  0x04, 0x2b, 0x2c, 0x19, 0x06, 0xb6, 0x00, 0xba, 0x53, 0x15, 0x09, 0x10,
  0x07, 0xa1, 0x00, 0x0b, 0x2a, 0x19, 0x05, 0x15, 0x04, 0xb6, 0x00, 0xc2,
  0x2a, 0x59, 0xb4, 0x00, 0xca, 0x04, 0x60, 0xb5, 0x00, 0xca, 0x2a, 0x59,
  0xb4, 0x00, 0x9c, 0x04, 0x60, 0xb5, 0x00, 0x9c, 0x2a, 0x04, 0xb6, 0x00,
  0xcd, 0x2c, 0xb0, 0x00, 0x00, 0x00, 0x04, 0x01, 0x52, 0x00, 0x00, 0x00,
  0x9e, 0x00, 0x27, 0x00, 0x00, 0x03, 0x0b, 0x00, 0x08, 0x03, 0x0c, 0x00,
  0x10, 0x03, 0x0d, 0x00, 0x16, 0x03, 0x0f, 0x00, 0x19, 0x03, 0x10, 0x00,
  0x1c, 0x03, 0x11, 0x00, 0x1f, 0x03, 0x12, 0x00, 0x3d, 0x03, 0x13, 0x00,
  0x47, 0x03, 0x14, 0x00, 0x5a, 0x03, 0x15, 0x00, 0x62, 0x03, 0x16, 0x00,
  0x75, 0x03, 0x18, 0x00, 0x79, 0x03, 0x1a, 0x00, 0x9c, 0x03, 0x1b, 0x00,
  0xa0, 0x03, 0x1c, 0x00, 0xa3, 0x03, 0x1e, 0x00, 0xa6, 0x03, 0x1f, 0x00,
  0xb1, 0x03, 0x22, 0x00, 0xb6, 0x03, 0x24, 0x00, 0xbe, 0x03, 0x25, 0x00,
  0xc4, 0x03, 0x26, 0x00, 0xd2, 0x03, 0x27, 0x00, 0xdb, 0x03, 0x28, 0x00,
  0xe3, 0x03, 0x2a, 0x00, 0xe6, 0x03, 0x2c, 0x00, 0xe9, 0x03, 0x2d, 0x00,
  0xee, 0x03, 0x2e, 0x00, 0xf5, 0x03, 0x2f, 0x00, 0xfe, 0x03, 0x32, 0x01,
  0x09, 0x03, 0x33, 0x01, 0x0c, 0x03, 0x36, 0x01, 0x11, 0x03, 0x37, 0x01,
  0x21, 0x03, 0x39, 0x01, 0x30, 0x03, 0x3a, 0x01, 0x37, 0x03, 0x3b, 0x01,
  0x3f, 0x03, 0x3d, 0x01, 0x49, 0x03, 0x3e, 0x01, 0x53, 0x03, 0x3f, 0x01,
  0x58, 0x03, 0x40, 0x01, 0x53, 0x00, 0x00, 0x00, 0xc0, 0x00, 0x13, 0x00,
  0x31, 0x00, 0x0c, 0x01, 0x86, 0x00, 0x6c, 0x00, 0x05, 0x00, 0x3a, 0x00,
  0x03, 0x01, 0x6c, 0x00, 0x5b, 0x00, 0x07, 0x00, 0x8b, 0x00, 0x18, 0x01,
  0x69, 0x00, 0xa7, 0x00, 0x0d, 0x00, 0x79, 0x00, 0x38, 0x01, 0x78, 0x00,
  0xb3, 0x00, 0x0c, 0x00, 0xc4, 0x00, 0x1f, 0x01, 0xce, 0x00, 0x5b, 0x00,
  0x0d, 0x00, 0xd2, 0x00, 0x14, 0x01, 0xa5, 0x00, 0xa7, 0x00, 0x0c, 0x00,
  0xe9, 0x00, 0x23, 0x01, 0xa5, 0x00, 0xa7, 0x00, 0x0c, 0x00, 0x00, 0x01,
  0x5a, 0x01, 0x6d, 0x01, 0x6e, 0x00, 0x00, 0x00, 0x00, 0x01, 0x5a, 0x00,
  0xac, 0x00, 0xa7, 0x00, 0x01, 0x00, 0x00, 0x01, 0x5a, 0x00, 0xa6, 0x00,
  0xa7, 0x00, 0x02, 0x00, 0x00, 0x01, 0x5a, 0x01, 0xd3, 0x01, 0xd4, 0x00,
  0x03, 0x00, 0x16, 0x01, 0x44, 0x00, 0x97, 0x00, 0x5b, 0x00, 0x04, 0x00,
  0x44, 0x01, 0x16, 0x01, 0x86, 0x00, 0x6c, 0x00, 0x05, 0x00, 0x57, 0x01,
  0x03, 0x01, 0x85, 0x00, 0xb3, 0x00, 0x06, 0x00, 0x47, 0x01, 0x13, 0x01,
  0x6c, 0x00, 0x5b, 0x00, 0x07, 0x00, 0x53, 0x01, 0x07, 0x01, 0x8f, 0x00,
  0x5b, 0x00, 0x08, 0x00, 0x19, 0x01, 0x41, 0x01, 0x8c, 0x00, 0x5b, 0x00,
  0x09, 0x00, 0x1c, 0x01, 0x3e, 0x01, 0x5c, 0x00, 0xde, 0x00, 0x0a, 0x00,
  0x1f, 0x01, 0x3b, 0x01, 0xcd, 0x00, 0xb3, 0x00, 0x0b, 0x01, 0x62, 0x00,
  0x00, 0x00, 0x84, 0x00, 0x0d, 0x00, 0x31, 0x00, 0x0c, 0x01, 0x86, 0x01,
  0x4f, 0x00, 0x05, 0x00, 0x8b, 0x00, 0x18, 0x01, 0x69, 0x01, 0x7d, 0x00,
  0x0d, 0x00, 0x79, 0x00, 0x38, 0x01, 0x78, 0x01, 0x83, 0x00, 0x0c, 0x00,
  0xd2, 0x00, 0x14, 0x01, 0xa5, 0x01, 0x7e, 0x00, 0x0c, 0x00, 0xe9, 0x00,
  0x23, 0x01, 0xa5, 0x01, 0x7e, 0x00, 0x0c, 0x00, 0x00, 0x01, 0x5a, 0x01,
  0x6d, 0x01, 0x70, 0x00, 0x00, 0x00, 0x00, 0x01, 0x5a, 0x00, 0xac, 0x01,
  0x7d, 0x00, 0x01, 0x00, 0x00, 0x01, 0x5a, 0x00, 0xa6, 0x01, 0x7e, 0x00,
  0x02, 0x00, 0x00, 0x01, 0x5a, 0x01, 0xd3, 0x01, 0xda, 0x00, 0x03, 0x00,
  0x44, 0x01, 0x16, 0x01, 0x86, 0x01, 0x4f, 0x00, 0x05, 0x00, 0x57, 0x01,
  0x03, 0x01, 0x85, 0x01, 0x83, 0x00, 0x06, 0x00, 0x1c, 0x01, 0x3e, 0x01,
  0x5c, 0x01, 0xa1, 0x00, 0x0a, 0x00, 0x1f, 0x01, 0x3b, 0x01, 0xcd, 0x01,
  0x83, 0x00, 0x0b, 0x01, 0x55, 0x00, 0x00, 0x00, 0x8f, 0x00, 0x11, 0x08,
  0x07, 0xff, 0x00, 0x2c, 0x00, 0x0c, 0x07, 0x00, 0x28, 0x07, 0x00, 0x02,
  0x07, 0x00, 0x02, 0x07, 0x01, 0x1c, 0x01, 0x00, 0x00, 0x00, 0x00, 0x01,
  0x07, 0x00, 0xb4, 0x07, 0x00, 0xa3, 0x00, 0x00, 0xff, 0x00, 0x09, 0x00,
  0x0c, 0x07, 0x00, 0x28, 0x07, 0x00, 0x02, 0x07, 0x00, 0x02, 0x07, 0x01,
  0x1c, 0x01, 0x07, 0x01, 0x87, 0x00, 0x01, 0x00, 0x01, 0x07, 0x00, 0xb4,
  0x07, 0x00, 0xa3, 0x00, 0x00, 0xff, 0x00, 0x2d, 0x00, 0x0c, 0x07, 0x00,
  0x28, 0x07, 0x00, 0x02, 0x07, 0x00, 0x02, 0x07, 0x01, 0x1c, 0x01, 0x07,
  0x01, 0x87, 0x07, 0x00, 0xa3, 0x01, 0x01, 0x01, 0x07, 0x00, 0xb4, 0x07,
  0x00, 0xa3, 0x00, 0x00, 0xfc, 0x00, 0x03, 0x07, 0x00, 0xa3, 0xfc, 0x00,
  0x22, 0x07, 0x00, 0x02, 0xfa, 0x00, 0x06, 0xfa, 0x00, 0x0d, 0xfc, 0x00,
  0x31, 0x07, 0x00, 0x02, 0xfa, 0x00, 0x02, 0xfc, 0x00, 0x02, 0x07, 0x00,
  0x02, 0x14, 0x0a, 0xfa, 0x00, 0x02, 0x14, 0x1d, 0x01, 0x4e, 0x00, 0x00,
  0x00, 0x02, 0x01, 0xdb, 0x00, 0x01, 0x01, 0xdc, 0x01, 0xdd, 0x00, 0x02,
  0x01, 0x51, 0x00, 0x00, 0x01, 0x4c, 0x00, 0x03, 0x00, 0x08, 0x00, 0x00,
  0x00, 0x70, 0x2b, 0xc7, 0x00, 0x0b, 0xbb, 0x01, 0x0f, 0x59, 0xb7, 0x01,
  0x11, 0xbf, 0x2a, 0xb4, 0x00, 0x9c, 0x9e, 0x00, 0x5f, 0x2a, 0xb4, 0x00,
  0x69, 0x59, 0x4d, 0xc6, 0x00, 0x56, 0x2a, 0xb4, 0x00, 0xca, 0x3e, 0x2c,
  0x3a, 0x04, 0x19, 0x04, 0xbe, 0x36, 0x05, 0x03, 0x36, 0x06, 0x15, 0x06,
  0x15, 0x05, 0xa2, 0x00, 0x2f, 0x19, 0x04, 0x15, 0x06, 0x32, 0x3a, 0x07,
  0x19, 0x07, 0xc6, 0x00, 0x1d, 0x2b, 0x19, 0x07, 0xb4, 0x00, 0xaa, 0x19,
  0x07, 0xb4, 0x00, 0xa2, 0xb9, 0x01, 0x20, 0x03, 0x00, 0x19, 0x07, 0xb4,
  0x00, 0xb1, 0x3a, 0x07, 0xa7, 0xff, 0xe4, 0x84, 0x06, 0x01, 0xa7, 0xff,
  0xd0, 0x2a, 0xb4, 0x00, 0xca, 0x1d, 0x9f, 0x00, 0x0b, 0xbb, 0x01, 0x18,
  0x59, 0xb7, 0x01, 0x1a, 0xbf, 0xb1, 0x00, 0x00, 0x00, 0x04, 0x01, 0x52,
  0x00, 0x00, 0x00, 0x32, 0x00, 0x0c, 0x00, 0x00, 0x03, 0x47, 0x00, 0x04,
  0x03, 0x48, 0x00, 0x0c, 0x03, 0x49, 0x00, 0x1c, 0x03, 0x4a, 0x00, 0x21,
  0x03, 0x4b, 0x00, 0x3a, 0x03, 0x4c, 0x00, 0x3f, 0x03, 0x4d, 0x00, 0x4f,
  0x03, 0x4c, 0x00, 0x59, 0x03, 0x4b, 0x00, 0x5f, 0x03, 0x4f, 0x00, 0x67,
  0x03, 0x50, 0x00, 0x6f, 0x03, 0x52, 0x01, 0x53, 0x00, 0x00, 0x00, 0x34,
  0x00, 0x05, 0x00, 0x3a, 0x00, 0x1f, 0x01, 0x78, 0x00, 0xb3, 0x00, 0x07,
  0x00, 0x21, 0x00, 0x4e, 0x01, 0xce, 0x00, 0x5b, 0x00, 0x03, 0x00, 0x19,
  0x00, 0x56, 0x01, 0x86, 0x00, 0x6c, 0x00, 0x02, 0x00, 0x00, 0x00, 0x70,
  0x01, 0x6d, 0x01, 0x6e, 0x00, 0x00, 0x00, 0x00, 0x00, 0x70, 0x01, 0xde,
  0x01, 0xdf, 0x00, 0x01, 0x01, 0x62, 0x00, 0x00, 0x00, 0x2a, 0x00, 0x04,
  0x00, 0x3a, 0x00, 0x1f, 0x01, 0x78, 0x01, 0x83, 0x00, 0x07, 0x00, 0x19,
  0x00, 0x56, 0x01, 0x86, 0x01, 0x4f, 0x00, 0x02, 0x00, 0x00, 0x00, 0x70,
  0x01, 0x6d, 0x01, 0x70, 0x00, 0x00, 0x00, 0x00, 0x00, 0x70, 0x01, 0xde,
  0x01, 0xe0, 0x00, 0x01, 0x01, 0x55, 0x00, 0x00, 0x00, 0x28, 0x00, 0x06,
  0x0c, 0xff, 0x00, 0x1f, 0x00, 0x07, 0x07, 0x00, 0x28, 0x07, 0x01, 0x21,
  0x07, 0x01, 0x87, 0x01, 0x07, 0x01, 0x87, 0x01, 0x01, 0x00, 0x00, 0xfc,
  0x00, 0x0d, 0x07, 0x00, 0xa3, 0xfa, 0x00, 0x1e, 0xf8, 0x00, 0x05, 0xf9,
  0x00, 0x0f, 0x01, 0x4e, 0x00, 0x00, 0x00, 0x02, 0x01, 0xe1, 0x00, 0x01,
  0x01, 0xe2, 0x01, 0xe3, 0x00, 0x02, 0x01, 0x51, 0x00, 0x00, 0x01, 0x51,
  0x00, 0x04, 0x00, 0x08, 0x00, 0x00, 0x00, 0x75, 0x2b, 0xc7, 0x00, 0x0b,
  0xbb, 0x01, 0x0f, 0x59, 0xb7, 0x01, 0x11, 0xbf, 0x2a, 0xb4, 0x00, 0x9c,
  0x9e, 0x00, 0x64, 0x2a, 0xb4, 0x00, 0x69, 0x59, 0x4d, 0xc6, 0x00, 0x5b,
  0x2a, 0xb4, 0x00, 0xca, 0x3e, 0x2c, 0x3a, 0x04, 0x19, 0x04, 0xbe, 0x36,
  0x05, 0x03, 0x36, 0x06, 0x15, 0x06, 0x15, 0x05, 0xa2, 0x00, 0x34, 0x19,
  0x04, 0x15, 0x06, 0x32, 0x3a, 0x07, 0x19, 0x07, 0xc6, 0x00, 0x22, 0x19,
  0x07, 0x2b, 0x19, 0x07, 0xb4, 0x00, 0xaa, 0x19, 0x07, 0xb4, 0x00, 0xa2,
  0xb9, 0x01, 0x1b, 0x03, 0x00, 0xb5, 0x00, 0xa2, 0x19, 0x07, 0xb4, 0x00,
  0xb1, 0x3a, 0x07, 0xa7, 0xff, 0xdf, 0x84, 0x06, 0x01, 0xa7, 0xff, 0xcb,
  0x2a, 0xb4, 0x00, 0xca, 0x1d, 0x9f, 0x00, 0x0b, 0xbb, 0x01, 0x18, 0x59,
  0xb7, 0x01, 0x1a, 0xbf, 0xb1, 0x00, 0x00, 0x00, 0x04, 0x01, 0x52, 0x00,
  0x00, 0x00, 0x32, 0x00, 0x0c, 0x00, 0x00, 0x03, 0x57, 0x00, 0x04, 0x03,
  0x58, 0x00, 0x0c, 0x03, 0x59, 0x00, 0x1c, 0x03, 0x5a, 0x00, 0x21, 0x03,
  0x5b, 0x00, 0x3a, 0x03, 0x5c, 0x00, 0x3f, 0x03, 0x5d, 0x00, 0x54, 0x03,
  0x5c, 0x00, 0x5e, 0x03, 0x5b, 0x00, 0x64, 0x03, 0x60, 0x00, 0x6c, 0x03,
  0x61, 0x00, 0x74, 0x03, 0x63, 0x01, 0x53, 0x00, 0x00, 0x00, 0x34, 0x00,
  0x05, 0x00, 0x3a, 0x00, 0x24, 0x01, 0x78, 0x00, 0xb3, 0x00, 0x07, 0x00,
  0x21, 0x00, 0x53, 0x01, 0xce, 0x00, 0x5b, 0x00, 0x03, 0x00, 0x19, 0x00,
  0x5b, 0x01, 0x86, 0x00, 0x6c, 0x00, 0x02, 0x00, 0x00, 0x00, 0x75, 0x01,
  0x6d, 0x01, 0x6e, 0x00, 0x00, 0x00, 0x00, 0x00, 0x75, 0x01, 0xe4, 0x01,
  0xd4, 0x00, 0x01, 0x01, 0x62, 0x00, 0x00, 0x00, 0x2a, 0x00, 0x04, 0x00,
  0x3a, 0x00, 0x24, 0x01, 0x78, 0x01, 0x83, 0x00, 0x07, 0x00, 0x19, 0x00,
  0x5b, 0x01, 0x86, 0x01, 0x4f, 0x00, 0x02, 0x00, 0x00, 0x00, 0x75, 0x01,
  0x6d, 0x01, 0x70, 0x00, 0x00, 0x00, 0x00, 0x00, 0x75, 0x01, 0xe4, 0x01,
  0xd5, 0x00, 0x01, 0x01, 0x55, 0x00, 0x00, 0x00, 0x28, 0x00, 0x06, 0x0c,
  0xff, 0x00, 0x1f, 0x00, 0x07, 0x07, 0x00, 0x28, 0x07, 0x01, 0x1c, 0x07,
  0x01, 0x87, 0x01, 0x07, 0x01, 0x87, 0x01, 0x01, 0x00, 0x00, 0xfc, 0x00,
  0x0d, 0x07, 0x00, 0xa3, 0xfa, 0x00, 0x23, 0xf8, 0x00, 0x05, 0xf9, 0x00,
  0x0f, 0x01, 0x4e, 0x00, 0x00, 0x00, 0x02, 0x01, 0xe5, 0x00, 0x01, 0x01,
  0x28, 0x00, 0x8c, 0x00, 0x01, 0x01, 0x51, 0x00, 0x00, 0x00, 0xc1, 0x00,
  0x03, 0x00, 0x03, 0x00, 0x00, 0x00, 0x21, 0x2a, 0xb7, 0x01, 0x26, 0xc0,
  0x00, 0x28, 0x4c, 0xa7, 0x00, 0x0d, 0x4d, 0xbb, 0x01, 0x2b, 0x59, 0x2c,
  0xb7, 0x01, 0x2d, 0xbf, 0x2b, 0xb6, 0x01, 0x30, 0x2b, 0x2a, 0x03, 0xb6,
  0x00, 0x60, 0x2b, 0xb0, 0x00, 0x01, 0x00, 0x00, 0x00, 0x08, 0x00, 0x0b,
  0x01, 0x29, 0x00, 0x04, 0x01, 0x52, 0x00, 0x00, 0x00, 0x1e, 0x00, 0x07,
  0x00, 0x00, 0x03, 0x6a, 0x00, 0x08, 0x03, 0x6e, 0x00, 0x0b, 0x03, 0x6c,
  0x00, 0x0c, 0x03, 0x6d, 0x00, 0x15, 0x03, 0x6f, 0x00, 0x19, 0x03, 0x70,
  0x00, 0x1f, 0x03, 0x71, 0x01, 0x53, 0x00, 0x00, 0x00, 0x2a, 0x00, 0x04,
  0x00, 0x08, 0x00, 0x03, 0x01, 0xe6, 0x01, 0x6e, 0x00, 0x01, 0x00, 0x0c,
  0x00, 0x09, 0x01, 0x78, 0x01, 0xe7, 0x00, 0x02, 0x00, 0x00, 0x00, 0x21,
  0x01, 0x6d, 0x01, 0x6e, 0x00, 0x00, 0x00, 0x15, 0x00, 0x0c, 0x01, 0xe6,
  0x01, 0x6e, 0x00, 0x01, 0x01, 0x62, 0x00, 0x00, 0x00, 0x20, 0x00, 0x03,
  0x00, 0x08, 0x00, 0x03, 0x01, 0xe6, 0x01, 0x70, 0x00, 0x01, 0x00, 0x00,
  0x00, 0x21, 0x01, 0x6d, 0x01, 0x70, 0x00, 0x00, 0x00, 0x15, 0x00, 0x0c,
  0x01, 0xe6, 0x01, 0x70, 0x00, 0x01, 0x01, 0x55, 0x00, 0x00, 0x00, 0x0c,
  0x00, 0x02, 0x4b, 0x07, 0x01, 0x29, 0xfc, 0x00, 0x09, 0x07, 0x00, 0x28,
  0x00, 0x10, 0x00, 0x53, 0x01, 0xe8, 0x00, 0x01, 0x01, 0x51, 0x00, 0x00,
  0x00, 0x41, 0x00, 0x01, 0x00, 0x01, 0x00, 0x00, 0x00, 0x05, 0x2a, 0xb4,
  0x00, 0x51, 0xae, 0x00, 0x00, 0x00, 0x03, 0x01, 0x52, 0x00, 0x00, 0x00,
  0x06, 0x00, 0x01, 0x00, 0x00, 0x03, 0x75, 0x01, 0x53, 0x00, 0x00, 0x00,
  0x0c, 0x00, 0x01, 0x00, 0x00, 0x00, 0x05, 0x01, 0x6d, 0x01, 0x6e, 0x00,
  0x00, 0x01, 0x62, 0x00, 0x00, 0x00, 0x0c, 0x00, 0x01, 0x00, 0x00, 0x00,
  0x05, 0x01, 0x6d, 0x01, 0x70, 0x00, 0x00, 0x00, 0x10, 0x01, 0xe9, 0x00,
  0x06, 0x00, 0x01, 0x01, 0x51, 0x00, 0x00, 0x00, 0x68, 0x00, 0x01, 0x00,
  0x01, 0x00, 0x00, 0x00, 0x20, 0x2a, 0xb4, 0x00, 0x69, 0xc6, 0x00, 0x0b,
  0x2a, 0xb4, 0x00, 0x69, 0xbe, 0xa7, 0x00, 0x13, 0x2a, 0xb4, 0x00, 0x58,
  0x9e, 0x00, 0x0a, 0x2a, 0xb4, 0x00, 0x58, 0xa7, 0x00, 0x05, 0x10, 0x10,
  0xac, 0x00, 0x00, 0x00, 0x04, 0x01, 0x52, 0x00, 0x00, 0x00, 0x06, 0x00,
  0x01, 0x00, 0x00, 0x03, 0x79, 0x01, 0x53, 0x00, 0x00, 0x00, 0x0c, 0x00,
  0x01, 0x00, 0x00, 0x00, 0x20, 0x01, 0x6d, 0x01, 0x6e, 0x00, 0x00, 0x01,
  0x62, 0x00, 0x00, 0x00, 0x0c, 0x00, 0x01, 0x00, 0x00, 0x00, 0x20, 0x01,
  0x6d, 0x01, 0x70, 0x00, 0x00, 0x01, 0x55, 0x00, 0x00, 0x00, 0x06, 0x00,
  0x03, 0x0f, 0x0d, 0x41, 0x01, 0x00, 0x00, 0x00, 0xbc, 0x00, 0xbd, 0x00,
  0x02, 0x01, 0x51, 0x00, 0x00, 0x00, 0x8f, 0x00, 0x06, 0x00, 0x05, 0x00,
  0x00, 0x00, 0x0d, 0xbb, 0x00, 0xa3, 0x59, 0x1b, 0x2c, 0x2d, 0x19, 0x04,
  0xb7, 0x01, 0x33, 0xb0, 0x00, 0x00, 0x00, 0x03, 0x01, 0x52, 0x00, 0x00,
  0x00, 0x06, 0x00, 0x01, 0x00, 0x00, 0x04, 0xe5, 0x01, 0x53, 0x00, 0x00,
  0x00, 0x34, 0x00, 0x05, 0x00, 0x00, 0x00, 0x0d, 0x01, 0x6d, 0x01, 0x6e,
  0x00, 0x00, 0x00, 0x00, 0x00, 0x0d, 0x00, 0x97, 0x00, 0x5b, 0x00, 0x01,
  0x00, 0x00, 0x00, 0x0d, 0x00, 0xac, 0x00, 0xa7, 0x00, 0x02, 0x00, 0x00,
  0x00, 0x0d, 0x00, 0xa6, 0x00, 0xa7, 0x00, 0x03, 0x00, 0x00, 0x00, 0x0d,
  0x00, 0x8b, 0x00, 0xb3, 0x00, 0x04, 0x01, 0x62, 0x00, 0x00, 0x00, 0x2a,
  0x00, 0x04, 0x00, 0x00, 0x00, 0x0d, 0x01, 0x6d, 0x01, 0x70, 0x00, 0x00,
  0x00, 0x00, 0x00, 0x0d, 0x00, 0xac, 0x01, 0x7d, 0x00, 0x02, 0x00, 0x00,
  0x00, 0x0d, 0x00, 0xa6, 0x01, 0x7e, 0x00, 0x03, 0x00, 0x00, 0x00, 0x0d,
  0x00, 0x8b, 0x01, 0x83, 0x00, 0x04, 0x01, 0x4e, 0x00, 0x00, 0x00, 0x02,
  0x01, 0xea, 0x00, 0x00, 0x01, 0xeb, 0x01, 0xec, 0x00, 0x02, 0x01, 0x51,
  0x00, 0x00, 0x00, 0x79, 0x00, 0x06, 0x00, 0x03, 0x00, 0x00, 0x00, 0x15,
  0xbb, 0x00, 0xa3, 0x59, 0x2b, 0xb4, 0x00, 0xa8, 0x2b, 0xb4, 0x00, 0xaa,
  0x2b, 0xb4, 0x00, 0xa2, 0x2c, 0xb7, 0x01, 0x33, 0xb0, 0x00, 0x00, 0x00,
  0x03, 0x01, 0x52, 0x00, 0x00, 0x00, 0x06, 0x00, 0x01, 0x00, 0x00, 0x04,
  0xe9, 0x01, 0x53, 0x00, 0x00, 0x00, 0x20, 0x00, 0x03, 0x00, 0x00, 0x00,
  0x15, 0x01, 0x6d, 0x01, 0x6e, 0x00, 0x00, 0x00, 0x00, 0x00, 0x15, 0x01,
  0x5a, 0x00, 0xb3, 0x00, 0x01, 0x00, 0x00, 0x00, 0x15, 0x00, 0x8b, 0x00,
  0xb3, 0x00, 0x02, 0x01, 0x62, 0x00, 0x00, 0x00, 0x20, 0x00, 0x03, 0x00,
  0x00, 0x00, 0x15, 0x01, 0x6d, 0x01, 0x70, 0x00, 0x00, 0x00, 0x00, 0x00,
  0x15, 0x01, 0x5a, 0x01, 0x83, 0x00, 0x01, 0x00, 0x00, 0x00, 0x15, 0x00,
  0x8b, 0x01, 0x83, 0x00, 0x02, 0x01, 0x4e, 0x00, 0x00, 0x00, 0x02, 0x01,
  0xed, 0x00, 0x00, 0x01, 0xee, 0x01, 0xef, 0x00, 0x02, 0x01, 0x51, 0x00,
  0x00, 0x00, 0x8f, 0x00, 0x06, 0x00, 0x05, 0x00, 0x00, 0x00, 0x0d, 0xbb,
  0x00, 0xb4, 0x59, 0x1b, 0x2c, 0x2d, 0x19, 0x04, 0xb7, 0x01, 0x36, 0xb0,
  0x00, 0x00, 0x00, 0x03, 0x01, 0x52, 0x00, 0x00, 0x00, 0x06, 0x00, 0x01,
  0x00, 0x00, 0x04, 0xed, 0x01, 0x53, 0x00, 0x00, 0x00, 0x34, 0x00, 0x05,
  0x00, 0x00, 0x00, 0x0d, 0x01, 0x6d, 0x01, 0x6e, 0x00, 0x00, 0x00, 0x00,
  0x00, 0x0d, 0x00, 0x97, 0x00, 0x5b, 0x00, 0x01, 0x00, 0x00, 0x00, 0x0d,
  0x00, 0xac, 0x00, 0xa7, 0x00, 0x02, 0x00, 0x00, 0x00, 0x0d, 0x00, 0xa6,
  0x00, 0xa7, 0x00, 0x03, 0x00, 0x00, 0x00, 0x0d, 0x00, 0x8b, 0x00, 0xb3,
  0x00, 0x04, 0x01, 0x62, 0x00, 0x00, 0x00, 0x2a, 0x00, 0x04, 0x00, 0x00,
  0x00, 0x0d, 0x01, 0x6d, 0x01, 0x70, 0x00, 0x00, 0x00, 0x00, 0x00, 0x0d,
  0x00, 0xac, 0x01, 0x7d, 0x00, 0x02, 0x00, 0x00, 0x00, 0x0d, 0x00, 0xa6,
  0x01, 0x7e, 0x00, 0x03, 0x00, 0x00, 0x00, 0x0d, 0x00, 0x8b, 0x01, 0x83,
  0x00, 0x04, 0x01, 0x4e, 0x00, 0x00, 0x00, 0x02, 0x01, 0xf0, 0x00, 0x00,
  0x00, 0xd9, 0x00, 0xda, 0x00, 0x02, 0x01, 0x51, 0x00, 0x00, 0x00, 0x79,
  0x00, 0x06, 0x00, 0x03, 0x00, 0x00, 0x00, 0x15, 0xbb, 0x00, 0xb4, 0x59,
  0x2b, 0xb4, 0x00, 0xa8, 0x2b, 0xb4, 0x00, 0xaa, 0x2b, 0xb4, 0x00, 0xa2,
  0x2c, 0xb7, 0x01, 0x36, 0xb0, 0x00, 0x00, 0x00, 0x03, 0x01, 0x52, 0x00,
  0x00, 0x00, 0x06, 0x00, 0x01, 0x00, 0x00, 0x04, 0xf1, 0x01, 0x53, 0x00,
  0x00, 0x00, 0x20, 0x00, 0x03, 0x00, 0x00, 0x00, 0x15, 0x01, 0x6d, 0x01,
  0x6e, 0x00, 0x00, 0x00, 0x00, 0x00, 0x15, 0x01, 0x5a, 0x00, 0xb3, 0x00,
  0x01, 0x00, 0x00, 0x00, 0x15, 0x00, 0x8b, 0x00, 0xb3, 0x00, 0x02, 0x01,
  0x62, 0x00, 0x00, 0x00, 0x20, 0x00, 0x03, 0x00, 0x00, 0x00, 0x15, 0x01,
  0x6d, 0x01, 0x70, 0x00, 0x00, 0x00, 0x00, 0x00, 0x15, 0x01, 0x5a, 0x01,
  0x83, 0x00, 0x01, 0x00, 0x00, 0x00, 0x15, 0x00, 0x8b, 0x01, 0x83, 0x00,
  0x02, 0x01, 0x4e, 0x00, 0x00, 0x00, 0x02, 0x01, 0xf1, 0x00, 0x00, 0x01,
  0x32, 0x00, 0x30, 0x00, 0x01, 0x01, 0x51, 0x00, 0x00, 0x00, 0x7c, 0x00,
  0x02, 0x00, 0x01, 0x00, 0x00, 0x00, 0x24, 0x2a, 0x01, 0xb5, 0x00, 0x69,
  0x2a, 0x01, 0xb5, 0x01, 0x0a, 0x2a, 0x01, 0xb5, 0x00, 0xef, 0x2a, 0x01,
  0xb5, 0x01, 0x03, 0x2a, 0x03, 0xb5, 0x00, 0xca, 0x2a, 0x03, 0xb5, 0x00,
  0x58, 0x2a, 0x03, 0xb5, 0x00, 0x9c, 0xb1, 0x00, 0x00, 0x00, 0x03, 0x01,
  0x52, 0x00, 0x00, 0x00, 0x22, 0x00, 0x08, 0x00, 0x00, 0x04, 0xf5, 0x00,
  0x05, 0x04, 0xf6, 0x00, 0x0a, 0x04, 0xf7, 0x00, 0x0f, 0x04, 0xf8, 0x00,
  0x14, 0x04, 0xf9, 0x00, 0x19, 0x04, 0xfa, 0x00, 0x1e, 0x04, 0xfb, 0x00,
  0x23, 0x04, 0xfc, 0x01, 0x53, 0x00, 0x00, 0x00, 0x0c, 0x00, 0x01, 0x00,
  0x00, 0x00, 0x24, 0x01, 0x6d, 0x01, 0x6e, 0x00, 0x00, 0x01, 0x62, 0x00,
  0x00, 0x00, 0x0c, 0x00, 0x01, 0x00, 0x00, 0x00, 0x24, 0x01, 0x6d, 0x01,
  0x70, 0x00, 0x00, 0x00, 0x00, 0x00, 0xc8, 0x00, 0xc9, 0x00, 0x02, 0x01,
  0x51, 0x00, 0x00, 0x00, 0x51, 0x00, 0x00, 0x00, 0x02, 0x00, 0x00, 0x00,
  0x01, 0xb1, 0x00, 0x00, 0x00, 0x03, 0x01, 0x52, 0x00, 0x00, 0x00, 0x06,
  0x00, 0x01, 0x00, 0x00, 0x05, 0x00, 0x01, 0x53, 0x00, 0x00, 0x00, 0x16,
  0x00, 0x02, 0x00, 0x00, 0x00, 0x01, 0x01, 0x6d, 0x01, 0x6e, 0x00, 0x00,
  0x00, 0x00, 0x00, 0x01, 0x01, 0x5a, 0x00, 0xb3, 0x00, 0x01, 0x01, 0x62,
  0x00, 0x00, 0x00, 0x16, 0x00, 0x02, 0x00, 0x00, 0x00, 0x01, 0x01, 0x6d,
  0x01, 0x70, 0x00, 0x00, 0x00, 0x00, 0x00, 0x01, 0x01, 0x5a, 0x01, 0x83,
  0x00, 0x01, 0x01, 0x4e, 0x00, 0x00, 0x00, 0x02, 0x01, 0xf2, 0x00, 0x00,
  0x00, 0xcf, 0x00, 0xd0, 0x00, 0x01, 0x01, 0x51, 0x00, 0x00, 0x00, 0x47,
  0x00, 0x00, 0x00, 0x02, 0x00, 0x00, 0x00, 0x01, 0xb1, 0x00, 0x00, 0x00,
  0x03, 0x01, 0x52, 0x00, 0x00, 0x00, 0x06, 0x00, 0x01, 0x00, 0x00, 0x05,
  0x04, 0x01, 0x53, 0x00, 0x00, 0x00, 0x16, 0x00, 0x02, 0x00, 0x00, 0x00,
  0x01, 0x01, 0x6d, 0x01, 0x6e, 0x00, 0x00, 0x00, 0x00, 0x00, 0x01, 0x01,
  0x7a, 0x01, 0x7b, 0x00, 0x01, 0x01, 0x62, 0x00, 0x00, 0x00, 0x0c, 0x00,
  0x01, 0x00, 0x00, 0x00, 0x01, 0x01, 0x6d, 0x01, 0x70, 0x00, 0x00, 0x00,
  0x00, 0x00, 0xee, 0x00, 0xc9, 0x00, 0x02, 0x01, 0x51, 0x00, 0x00, 0x00,
  0x51, 0x00, 0x00, 0x00, 0x02, 0x00, 0x00, 0x00, 0x01, 0xb1, 0x00, 0x00,
  0x00, 0x03, 0x01, 0x52, 0x00, 0x00, 0x00, 0x06, 0x00, 0x01, 0x00, 0x00,
  0x05, 0x08, 0x01, 0x53, 0x00, 0x00, 0x00, 0x16, 0x00, 0x02, 0x00, 0x00,
  0x00, 0x01, 0x01, 0x6d, 0x01, 0x6e, 0x00, 0x00, 0x00, 0x00, 0x00, 0x01,
  0x01, 0x5a, 0x00, 0xb3, 0x00, 0x01, 0x01, 0x62, 0x00, 0x00, 0x00, 0x16,
  0x00, 0x02, 0x00, 0x00, 0x00, 0x01, 0x01, 0x6d, 0x01, 0x70, 0x00, 0x00,
  0x00, 0x00, 0x00, 0x01, 0x01, 0x5a, 0x01, 0x83, 0x00, 0x01, 0x01, 0x4e,
  0x00, 0x00, 0x00, 0x02, 0x01, 0xf2, 0x00, 0x08, 0x01, 0x3d, 0x00, 0x27,
  0x00, 0x01, 0x01, 0x51, 0x00, 0x00, 0x00, 0x35, 0x00, 0x04, 0x00, 0x01,
  0x00, 0x00, 0x00, 0x0b, 0x1a, 0x87, 0x14, 0x01, 0x37, 0x6f, 0xb8, 0x00,
  0x6d, 0x8e, 0xac, 0x00, 0x00, 0x00, 0x02, 0x01, 0x52, 0x00, 0x00, 0x00,
  0x06, 0x00, 0x01, 0x00, 0x00, 0x07, 0x12, 0x01, 0x53, 0x00, 0x00, 0x00,
  0x0c, 0x00, 0x01, 0x00, 0x00, 0x00, 0x0b, 0x01, 0xf3, 0x00, 0x5b, 0x00,
  0x00, 0x00, 0x09, 0x01, 0xf4, 0x01, 0xf5, 0x00, 0x02, 0x01, 0x51, 0x00,
  0x00, 0x00, 0x67, 0x00, 0x04, 0x00, 0x01, 0x00, 0x00, 0x00, 0x2c, 0x1a,
  0x9c, 0x00, 0x1f, 0xbb, 0x00, 0x31, 0x59, 0xbb, 0x00, 0x33, 0x59, 0xb7,
  0x00, 0x35, 0x13, 0x01, 0x39, 0xb6, 0x00, 0x38, 0x1a, 0xb6, 0x00, 0x3c,
  0xb6, 0x00, 0x3f, 0xb7, 0x00, 0x43, 0xbf, 0xbb, 0x00, 0x28, 0x59, 0x1a,
  0xb8, 0x01, 0x3b, 0xb7, 0x01, 0x3e, 0xb0, 0x00, 0x00, 0x00, 0x03, 0x01,
  0x52, 0x00, 0x00, 0x00, 0x0e, 0x00, 0x03, 0x00, 0x00, 0x07, 0x16, 0x00,
  0x04, 0x07, 0x17, 0x00, 0x20, 0x07, 0x18, 0x01, 0x53, 0x00, 0x00, 0x00,
  0x0c, 0x00, 0x01, 0x00, 0x00, 0x00, 0x2c, 0x01, 0xf3, 0x00, 0x5b, 0x00,
  0x00, 0x01, 0x55, 0x00, 0x00, 0x00, 0x03, 0x00, 0x01, 0x20, 0x01, 0x4e,
  0x00, 0x00, 0x00, 0x02, 0x01, 0xf6, 0x00, 0x04, 0x01, 0x4e, 0x00, 0x00,
  0x00, 0x02, 0x01, 0xf7, 0x01, 0xf8, 0x00, 0x00, 0x00, 0x02, 0x01, 0xf9,
  0x01, 0xfa, 0x00, 0x00, 0x00, 0x1c, 0x00, 0x0d, 0x00, 0xb4, 0x01, 0xfb,
  0x01, 0xfd, 0x01, 0xff, 0x02, 0x01, 0x02, 0x03, 0x02, 0x05, 0x02, 0x07,
  0x02, 0x09, 0x01, 0x0c, 0x01, 0x07, 0x00, 0xf3, 0x00, 0xa3, 0x02, 0x0b,
  0x00, 0x00, 0x00, 0x72, 0x00, 0x0e, 0x00, 0xa3, 0x00, 0x28, 0x02, 0x0c,
  0x00, 0x08, 0x00, 0x8d, 0x00, 0x65, 0x02, 0x0d, 0x06, 0x09, 0x00, 0xb4,
  0x00, 0x28, 0x02, 0x0e, 0x00, 0x18, 0x00, 0xf3, 0x00, 0x28, 0x02, 0x0f,
  0x00, 0x10, 0x01, 0x07, 0x00, 0x28, 0x02, 0x10, 0x00, 0x10, 0x01, 0x0c,
  0x00, 0x28, 0x02, 0x11, 0x00, 0x10, 0x01, 0xfb, 0x00, 0x28, 0x02, 0x12,
  0x00, 0x18, 0x01, 0xfd, 0x00, 0x28, 0x02, 0x13, 0x00, 0x18, 0x01, 0xff,
  0x00, 0x28, 0x02, 0x14, 0x00, 0x18, 0x02, 0x01, 0x00, 0x28, 0x02, 0x15,
  0x00, 0x08, 0x02, 0x03, 0x00, 0x28, 0x02, 0x16, 0x00, 0x10, 0x02, 0x05,
  0x00, 0x28, 0x02, 0x17, 0x00, 0x10, 0x02, 0x07, 0x00, 0x28, 0x02, 0x18,
  0x00, 0x10, 0x02, 0x09, 0x00, 0x28, 0x02, 0x19, 0x04, 0x00,
};
static const unsigned int java_util_HashMap_len = 23842;
